Simulation warm-up started: 50 days
Simulation warm-up completed. Measurement starts at simulation day 50.

Simulation Progress: Day 5 / 100
Simulation Clock Time: 0001-02-25 00:00:00


============================================================
Shipment Waiting for Loading Statistics
============================================================

TEUs by Demand Matrix
------------------------------------------------------------
Origin Dest       Busan         Cartagena     Colombo       Hamburg       Ho Chi Minh CityJakarta       Jebel Ali     Kaohsiung     Laem Chabang  Los Angeles   New Jersey    Piraeus       Qingdao       Rotterdam     Shanghai      Shenzhen      Singapore     Tanger Med    Tianjin       Xiamen        
----------------------------------------------------------------------------------------------------------------------------------------------------------------------------------------------------------------------------------------------------------------------------------------------------------
Busan             -             3             17            11            3             2             21            58            2             48            23            11            17            21            38            24            13            9             17            14            
Cartagena         1             -             4             8             1             1             7             1             1             3             24            4             3             22            8             6             3             9             1             1             
Colombo           176           6             -             13            7             15            176           121           10            105           20            16            173           32            515           588           37            13            37            139           
Hamburg           6             14            13            -             2             2             32            6             2             7             27            21            6             39            16            16            7             25            3             5             
Ho Chi Minh City  1             1             3             3             -             2             9             1             6             5             1             2             1             6             8             12            16            3             1             0             
Jakarta           3             0             11            4             9             -             16            2             3             8             4             2             3             10            14            17            16            6             0             7             
Jebel Ali         158           12            107           31            12            17            -             118           17            166           16            19            132           34            343           363           70            35            21            131           
Kaohsiung         29            1             6             10            1             2             6             -             0             35            8             5             7             6             14            7             9             3             10            3             
Laem Chabang      2             1             6             3             2             9             5             1             -             5             3             3             4             4             12            11            14            1             2             2             
Los Angeles       27            15            10            5             2             2             18            15            4             -             25            6             16            16            62            38            8             3             6             15            
New Jersey        4             33            22            36            3             1             8             4             1             24            -             16            7             45            25            15            8             13            3             8             
Piraeus           5             11            18            9             0             1             21            5             2             3             19            -             5             27            14            10            10            25            1             7             
Qingdao           14            4             11            9             2             4             17            12            3             56            11            9             -             7             41            9             12            12            4             2             
Rotterdam         10            16            27            17            3             2             38            4             1             10            70            8             5             -             15            13            9             29            3             7             
Shanghai          439           11            17            22            4             8             21            14            8             84            51            17            337           14            -             15            24            9             233           12            
Shenzhen          31            4             27            30            9             10            35            12            9             21            40            30            5             44            11            -             39            12            4             1             
Singapore         193           4             31            18            13            18            42            153           10            371           14            22            203           28            731           622           -             15            60            201           
Tanger Med        3             11            19            19            1             1             23            2             1             2             8             9             5             27            12            12            4             -             1             3             
Tianjin           12            3             9             7             3             1             16            5             2             30            13            10            11            21            34            9             10            1             -             1             
Xiamen            12            2             11            11            1             0             13            8             1             8             8             9             4             10            7             32            12            5             0             -             

Port-Level Shipment Waiting and Vessel Queue Statistics

Port                       Origin Waiting TEU   Transshipment Waiting TEU   Total Waiting TEU   Vessels Waiting
---------------------------------------------------------------------------------------------------------------
Busan                                     351                         228                 579              0.04
Cartagena                                 107                           0                 107              0.00
Colombo                                 2,198                           0               2,198              0.00
Hamburg                                   248                           0                 248              0.00
Ho Chi Minh City                           82                           0                  82              0.06
Jakarta                                   137                           0                 137              0.08
Jebel Ali                               1,798                           0               1,798              0.00
Kaohsiung                                 162                          65                 228              0.03
Laem Chabang                               90                           0                  90              0.05
Los Angeles                               292                           0                 292              0.00
New Jersey                                276                         124                 400              0.00
Piraeus                                   194                           0                 194              0.00
Qingdao                                   239                          58                 297              0.00
Rotterdam                                 286                           0                 286              0.00
Shanghai                                1,340                         402               1,742              0.00
Shenzhen                                  372                          59                 431              0.00
Singapore                               2,748                       2,002               4,750              0.00
Tanger Med                                164                           8                 172              0.00
Tianjin                                   197                           0                 197              0.00
Xiamen                                    154                           0                 154              0.01
---------------------------------------------------------------------------------------------------------------
TOTAL                                  11,435                       2,947              14,382              0.27



============================================================
Shipment Being Transported Statistics
============================================================

Average TEUs in Transition by Demand Matrix
------------------------------------------------------------
Origin Dest       Busan         Cartagena     Colombo       Hamburg       Ho Chi Minh CityJakarta       Jebel Ali     Kaohsiung     Laem Chabang  Los Angeles   New Jersey    Piraeus       Qingdao       Rotterdam     Shanghai      Shenzhen      Singapore     Tanger Med    Tianjin       Xiamen        
----------------------------------------------------------------------------------------------------------------------------------------------------------------------------------------------------------------------------------------------------------------------------------------------------------
Busan             -             36            50            112           10            18            92            52            6             475           235           81            9             196           32            41            35            78            10            14            
Cartagena         23            -             66            42            16            8             79            20            13            60            41            38            37            72            123           113           69            48            12            40            
Colombo           0             32            -             135           25            34            49            0             21            0             100           96            0             215           0             0             19            116           0             0             
Hamburg           111           30            238           -             22            30            429           72            24            64            53            23            68            0             301           293           135           16            26            94            
Ho Chi Minh City  41            11            41            40            -             8             65            25            3             81            44            28            29            65            184           162           17            34            25            27            
Jakarta           52            18            48            45            3             -             81            32            3             94            40            50            53            78            195           206           5             28            21            42            
Jebel Ali         0             21            0             118           16            25            -             0             20            0             70            63            0             154           0             0             16            138           0             0             
Kaohsiung         25            22            27            90            6             7             50            -             5             301           96            54            28            107           70            33            28            43            19            11            
Laem Chabang      49            11            34            42            5             8             52            25            -             82            25            53            30            78            185           162           14            28            15            32            
Los Angeles       382           78            93            91            42            39            154           180           26            -             322           75            254           114           578           295           117           47            130           182           
New Jersey        101           65            211           88            22            27            129           77            24            292           -             37            68            116           310           253           94            34            46            70            
Piraeus           79            39            194           11            23            30            376           54            21            77            55            -             87            54            232           231           85            35            31            63            
Qingdao           145           43            20            88            7             12            47            6             3             421           107           66            -             114           0             6             21            53            66            0             
Rotterdam         146           42            435           0             41            56            593           96            44            117           58            21            125           -             398           399           173           23            59            124           
Shanghai          0             85            62            280           20            39            130           2             17            476           308           209           0             293           -             19            81            154           0             0             
Shenzhen          53            55            60            302           11            34            184           11            13            243           302           181           23            427           53            -             58            117           15            4             
Singapore         0             42            100           113           1             14            164           0             4             0             105           78            0             230           0             0             -             113           0             0             
Tanger Med        76            37            226           5             32            46            321           62            31            60            24            11            55            7             206           170           146           -             21            53            
Tianjin           99            25            18            86            1             2             61            9             3             187           71            66            0             117           1             8             31            54            -             0             
Xiamen            26            21            31            124           3             11            76            4             5             149           126           110           21            173           42            16            35            56            0             -             

Completed TEUs by Demand Matrix
------------------------------------------------------------
Origin Dest       Busan         Cartagena     Colombo       Hamburg       Ho Chi Minh CityJakarta       Jebel Ali     Kaohsiung     Laem Chabang  Los Angeles   New Jersey    Piraeus       Qingdao       Rotterdam     Shanghai      Shenzhen      Singapore     Tanger Med    Tianjin       Xiamen        
----------------------------------------------------------------------------------------------------------------------------------------------------------------------------------------------------------------------------------------------------------------------------------------------------------
Busan             -             7             41            0             2             8             0             0             3             106           0             25            35            0             72            53            22            11            0             23            
Cartagena         0             -             0             0             0             0             0             0             0             0             103           0             0             0             0             0             0             0             0             0             
Colombo           0             6             -             0             0             38            0             0             0             0             0             50            0             0             0             0             121           32            0             0             
Hamburg           0             12            0             -             0             0             0             0             0             0             0             0             0             0             0             0             0             37            0             0             
Ho Chi Minh City  0             2             36            0             -             9             0             0             12            0             0             5             0             0             0             0             29            7             0             0             
Jakarta           0             5             54            0             8             -             0             0             5             0             0             17            0             0             0             0             0             6             0             0             
Jebel Ali         0             0             0             0             0             28            -             0             0             0             0             27            0             0             0             0             101           42            0             0             
Kaohsiung         56            4             16            0             8             0             0             -             5             98            0             14            18            0             41            0             0             11            0             0             
Laem Chabang      0             1             25            0             6             12            0             0             -             0             0             8             0             0             0             0             35            7             0             0             
Los Angeles       0             0             0             0             0             0             0             0             0             -             0             0             0             0             0             0             0             0             0             0             
New Jersey        0             92            0             0             0             0             0             0             0             0             -             0             0             0             0             0             0             0             0             0             
Piraeus           0             19            0             0             0             0             0             0             0             0             0             -             0             0             0             0             0             54            0             0             
Qingdao           0             9             21            0             4             6             0             0             5             88            0             17            -             0             0             16            21            17            0             0             
Rotterdam         0             24            0             0             0             0             0             0             0             0             0             0             0             -             0             0             0             52            0             0             
Shanghai          0             13            59            0             17            12            0             0             14            147           0             35            0             0             -             52            82            16            0             19            
Shenzhen          83            17            55            0             17            23            0             49            10            0             0             54            17            0             23            -             86            34            0             0             
Singapore         0             9             136           0             7             45            0             0             14            0             0             23            0             0             0             0             -             21            0             0             
Tanger Med        0             25            0             0             0             0             0             0             0             0             0             0             0             0             0             0             0             -             0             0             
Tianjin           0             2             26            0             5             1             0             0             3             48            0             8             0             0             0             21            31            12            -             2             
Xiamen            35            7             25            0             7             9             0             13            6             0             0             15            11            0             29            99            35            9             0             -             


============================================================
Service Route Capacity and Utilization Statistics
============================================================
Route     Name                                Avg Capacity TEU     Avg Carried TEU    Utilization
-------------------------------------------------------------------------------------------------
S1        Asia-Europe-NorthEurope                      139,141              14,729         10.59%
S2        Intra-EastAsia                                13,239                 307          2.32%
S3        SEA-Feeder                                     6,763                 227          3.35%
S4        Transpacific-WestCoast                        94,630               5,485          5.80%
S5        Asia-US-East                                  93,747               3,777          4.03%
S6        Transatlantic-SouthConnector                  23,277                 984          4.23%
S7        IndianOcean-MiddleEast                         7,168                 512          7.14%
-------------------------------------------------------------------------------------------------
TOTAL                                                  377,966              26,020          6.88%


============================================================
Vessel Statistics
============================================================
Metric                                            Average Count
---------------------------------------------------------------
Average vessels sailing                                   30.10
Average vessels waiting for berth at port                  0.27
Average vessels being served at berth                      1.40
---------------------------------------------------------------
TOTAL average active/port vessels                         31.77


Period Result Output: Period 1 (Days 1-5)
Output Simulation Day: 5
Simulation Running Time: 00:05:27

Simulation Progress: Day 10 / 100
Simulation Clock Time: 0001-03-02 00:00:00


============================================================
Shipment Waiting for Loading Statistics
============================================================

TEUs by Demand Matrix
------------------------------------------------------------
Origin Dest       Busan         Cartagena     Colombo       Hamburg       Ho Chi Minh CityJakarta       Jebel Ali     Kaohsiung     Laem Chabang  Los Angeles   New Jersey    Piraeus       Qingdao       Rotterdam     Shanghai      Shenzhen      Singapore     Tanger Med    Tianjin       Xiamen        
----------------------------------------------------------------------------------------------------------------------------------------------------------------------------------------------------------------------------------------------------------------------------------------------------------
Busan             -             2             19            13            3             3             26            73            3             54            28            14            16            26            51            28            14            10            17            13            
Cartagena         2             -             7             8             0             1             5             1             1             3             33            5             2             19            11            8             4             12            1             1             
Colombo           184           6             -             15            11            22            118           128           15            112           17            15            183           35            536           608           61            14            40            150           
Hamburg           6             23            16            -             3             3             34            6             3             7             43            23            6             42            16            19            8             27            3             6             
Ho Chi Minh City  2             1             3             3             -             4             10            1             5             5             2             2             2             7             8             12            19            3             1             1             
Jakarta           3             1             12            4             7             -             14            2             2             8             4             4             3             9             12            17            14            4             2             5             
Jebel Ali         163           11            106           19            11            16            -             124           16            170           19            18            137           30            359           377           68            27            23            138           
Kaohsiung         36            2             6             13            1             3             5             -             1             36            11            5             10            7             19            10            7             3             10            5             
Laem Chabang      3             1             5             3             2             12            7             1             -             5             4             3             4             4             14            13            14            1             2             2             
Los Angeles       25            12            8             5             2             2             16            11            4             -             22            4             18            11            57            30            8             4             6             13            
New Jersey        5             33            18            30            3             1             9             3             1             22            -             14            6             36            21            17            7             10            2             6             
Piraeus           4             13            18            11            0             1             19            5             1             4             21            -             6             32            11            10            7             27            1             4             
Qingdao           11            2             10            8             2             3             12            16            2             58            10            7             -             6             32            7             8             8             5             1             
Rotterdam         13            22            33            16            3             3             49            6             2             12            102           12            8             -             24            18            13            37            4             11            
Shanghai          457           8             19            27            4             9             27            19            9             77            41            20            349           20            -             16            28            10            247           11            
Shenzhen          39            5             28            31            11            11            36            13            9             29            31            27            8             58            15            -             41            12            5             1             
Singapore         204           3             48            14            9             25            67            161           10            389           15            15            216           24            777           651           -             16            64            211           
Tanger Med        4             18            24            17            2             3             31            5             1             6             18            15            5             24            18            14            9             -             2             4             
Tianjin           9             3             8             7             2             1             14            6             1             22            11            7             7             15            24            6             10            2             -             0             
Xiamen            16            3             13            12            1             1             16            10            2             10            11            10            6             16            10            39            16            5             0             -             

Port-Level Shipment Waiting and Vessel Queue Statistics

Port                       Origin Waiting TEU   Transshipment Waiting TEU   Total Waiting TEU   Vessels Waiting
---------------------------------------------------------------------------------------------------------------
Busan                                     413                         260                 673              0.02
Cartagena                                 122                           0                 122              0.00
Colombo                                 2,268                           0               2,268              0.00
Hamburg                                   292                           0                 292              0.00
Ho Chi Minh City                           93                           0                  93              0.07
Jakarta                                   126                           0                 126              0.04
Jebel Ali                               1,830                           0               1,830              0.00
Kaohsiung                                 189                          47                 237              0.03
Laem Chabang                               98                           0                  98              0.03
Los Angeles                               259                           0                 259              0.00
New Jersey                                242                          92                 333              0.00
Piraeus                                   195                           0                 195              0.00
Qingdao                                   207                          54                 262              0.01
Rotterdam                                 386                           0                 386              0.00
Shanghai                                1,396                         513               1,909              0.00
Shenzhen                                  409                          37                 445              0.00
Singapore                               2,919                       2,092               5,012              0.00
Tanger Med                                221                          64                 285              0.00
Tianjin                                   154                           0                 154              0.00
Xiamen                                    197                           0                 197              0.02
---------------------------------------------------------------------------------------------------------------
TOTAL                                  12,018                       3,158              15,176              0.23



============================================================
Shipment Being Transported Statistics
============================================================

Average TEUs in Transition by Demand Matrix
------------------------------------------------------------
Origin Dest       Busan         Cartagena     Colombo       Hamburg       Ho Chi Minh CityJakarta       Jebel Ali     Kaohsiung     Laem Chabang  Los Angeles   New Jersey    Piraeus       Qingdao       Rotterdam     Shanghai      Shenzhen      Singapore     Tanger Med    Tianjin       Xiamen        
----------------------------------------------------------------------------------------------------------------------------------------------------------------------------------------------------------------------------------------------------------------------------------------------------------
Busan             -             35            50            115           10            15            85            43            7             459           234           82            6             198           20            40            32            78            5             17            
Cartagena         24            -             67            46            16            8             84            20            14            62            31            41            39            86            127           116           70            44            12            41            
Colombo           0             33            -             137           19            17            103           0             18            0             105           93            0             217           0             0             10            113           0             0             
Hamburg           115           26            246           -             24            32            449           75            25            68            34            24            71            9             312           305           140           24            28            99            
Ho Chi Minh City  43            11            29            40            -             8             67            26            3             86            41            28            31            66            191           171           23            33            25            28            
Jakarta           55            16            33            46            5             -             82            34            4             102           38            48            55            81            208           222           5             28            22            46            
Jebel Ali         0             24            39            132           16            18            -             0             22            0             64            68            0             168           0             0             31            144           0             0             
Kaohsiung         18            21            28            92            6             8             48            -             5             287           92            54            25            104           60            35            33            39            11            12            
Laem Chabang      51            12            28            43            5             10            52            26            -             85            27            51            31            77            194           171           12            27            16            33            
Los Angeles       398           87            101           94            43            40            166           190           30            -             336           78            267           124           618           320           123           48            135           193           
New Jersey        105           66            225           114           24            28            138           80            24            310           -             49            74            146           328           266           100           35            48            76            
Piraeus           84            39            215           12            23            32            395           60            22            80            59            -             91            48            246           242           92            24            33            68            
Qingdao           156           43            24            92            7             14            50            6             6             418           118           69            -             114           6             8             20            53            70            0             
Rotterdam         152           33            448           3             43            58            612           98            45            121           37            17            129           -             410           407           179           25            61            128           
Shanghai          0             88            56            285           17            38            119           3             19            484           315           212           0             287           -             17            61            153           0             4             
Shenzhen          40            53            58            298           12            30            156           9             14            259           299           186           21            421           50            -             38            110           10            4             
Singapore         0             41            50            122           5             9             142           0             7             0             103           87            0             239           0             0             -             115           0             0             
Tanger Med        78            28            233           10            33            46            331           63            32            60            15            6             57            13            210           175           147           -             22            54            
Tianjin           111           27            21            90            2             2             56            11            4             188           80            70            2             125           10            9             24            52            -             0             
Xiamen            24            20            31            125           2             8             65            6             6             156           132           110           20            176           36            17            27            55            0             -             

Completed TEUs by Demand Matrix
------------------------------------------------------------
Origin Dest       Busan         Cartagena     Colombo       Hamburg       Ho Chi Minh CityJakarta       Jebel Ali     Kaohsiung     Laem Chabang  Los Angeles   New Jersey    Piraeus       Qingdao       Rotterdam     Shanghai      Shenzhen      Singapore     Tanger Med    Tianjin       Xiamen        
----------------------------------------------------------------------------------------------------------------------------------------------------------------------------------------------------------------------------------------------------------------------------------------------------------
Busan             -             7             65            15            9             8             43            111           5             106           39            45            35            30            72            98            22            11            33            53            
Cartagena         0             -             0             0             0             0             0             0             0             0             147           0             0             0             0             0             0             43            0             0             
Colombo           0             6             -             30            25            38            237           0             21            0             30            86            0             52            0             0             121           32            0             0             
Hamburg           0             12            0             -             0             0             0             0             0             0             53            23            0             89            0             0             0             37            0             0             
Ho Chi Minh City  0             2             36            6             -             9             48            0             23            0             11            19            0             12            0             0             78            7             0             0             
Jakarta           0             5             54            8             23            -             76            0             13            0             12            31            0             17            0             0             34            6             0             0             
Jebel Ali         0             0             0             49            16            28            -             0             20            0             35            52            0             42            0             0             101           42            0             0             
Kaohsiung         56            4             16            13            8             0             12            -             5             98            22            21            18            23            41            23            0             11            27            6             
Laem Chabang      0             1             25            6             12            12            42            0             -             0             3             37            0             14            0             0             62            7             0             0             
Los Angeles       0             0             0             0             0             0             0             0             0             -             0             0             0             0             0             0             0             0             0             0             
New Jersey        0             92            0             0             0             0             0             0             0             0             -             0             0             0             0             0             0             43            0             0             
Piraeus           0             19            0             14            0             0             0             0             0             0             19            -             0             71            0             0             0             54            0             0             
Qingdao           0             9             36            15            11            6             18            26            7             88            0             29            -             17            60            32            21            17            0             2             
Rotterdam         0             24            0             35            0             0             0             0             0             0             58            21            0             -             0             0             0             52            0             0             
Shanghai          0             13            106           72            35            12            73            21            27            147           58            84            0             74            -             93            82            16            0             44            
Shenzhen          83            17            123           91            31            23            115           80            25            0             78            100           17            107           23            -             86            34            17            1             
Singapore         0             9             136           31            33            45            182           0             31            0             26            44            0             45            0             0             -             21            0             0             
Tanger Med        0             25            0             30            0             0             0             0             0             0             24            19            0             47            0             0             0             -             0             0             
Tianjin           0             2             37            12            5             1             40            9             5             48            0             24            18            18            57            34            31            12            -             3             
Xiamen            35            7             50            20            9             9             47            34            9             0             0             43            11            30            29            194           35            9             0             -             


============================================================
Service Route Capacity and Utilization Statistics
============================================================
Route     Name                                Avg Capacity TEU     Avg Carried TEU    Utilization
-------------------------------------------------------------------------------------------------
S1        Asia-Europe-NorthEurope                      143,694              14,896         10.37%
S2        Intra-EastAsia                                12,696                 294          2.32%
S3        SEA-Feeder                                     6,911                 252          3.65%
S4        Transpacific-WestCoast                        99,177               5,617          5.66%
S5        Asia-US-East                                  98,199               3,933          4.01%
S6        Transatlantic-SouthConnector                  23,218                 956          4.12%
S7        IndianOcean-MiddleEast                         7,332                 506          6.90%
-------------------------------------------------------------------------------------------------
TOTAL                                                  391,226              26,453          6.76%


============================================================
Vessel Statistics
============================================================
Metric                                            Average Count
---------------------------------------------------------------
Average vessels sailing                                   31.04
Average vessels waiting for berth at port                  0.23
Average vessels being served at berth                      1.46
---------------------------------------------------------------
TOTAL average active/port vessels                         32.73


Period Result Output: Period 2 (Days 6-10)
Output Simulation Day: 10
Simulation Running Time: 00:06:04

Simulation Progress: Day 15 / 100
Simulation Clock Time: 0001-03-07 00:00:00


============================================================
Shipment Waiting for Loading Statistics
============================================================

TEUs by Demand Matrix
------------------------------------------------------------
Origin Dest       Busan         Cartagena     Colombo       Hamburg       Ho Chi Minh CityJakarta       Jebel Ali     Kaohsiung     Laem Chabang  Los Angeles   New Jersey    Piraeus       Qingdao       Rotterdam     Shanghai      Shenzhen      Singapore     Tanger Med    Tianjin       Xiamen        
----------------------------------------------------------------------------------------------------------------------------------------------------------------------------------------------------------------------------------------------------------------------------------------------------------
Busan             -             2             17            13            2             2             23            77            3             49            23            13            16            23            46            24            14            9             15            13            
Cartagena         2             -             5             7             0             1             5             1             1             3             28            4             2             15            9             6             3             11            2             1             
Colombo           191           5             -             16            11            20            128           135           13            118           14            16            191           40            556           631           60            15            43            157           
Hamburg           7             19            21            -             3             2             34            7             3             6             37            25            8             46            18            23            9             29            2             7             
Ho Chi Minh City  3             1             3             3             -             6             12            1             4             5             3             2             2             7             10            10            19            5             1             1             
Jakarta           3             1             10            4             6             -             13            2             2             8             4             5             3             8             11            16            13            4             1             4             
Jebel Ali         153           8             99            18            9             13            -             117           13            159           19            18            129           31            338           353           57            27            22            130           
Kaohsiung         31            1             5             9             1             2             6             -             0             41            10            5             9             8             19            10            7             3             9             5             
Laem Chabang      2             1             5             3             2             11            7             1             -             5             4             3             3             5             16            13            18            1             2             2             
Los Angeles       22            9             8             5             2             1             13            11            3             -             23            3             17            10            47            28            9             3             6             11            
New Jersey        5             44            16            28            3             1             10            3             2             24            -             12            6             37            23            19            6             9             2             6             
Piraeus           4             11            22            10            1             2             23            5             1             5             17            -             8             34            13            13            8             22            1             4             
Qingdao           11            3             10            10            3             2             13            14            2             54            11            7             -             7             31            9             9             7             6             1             
Rotterdam         11            21            32            16            4             4             49            7             2             11            88            14            8             -             28            21            15            44            3             14            
Shanghai          475           7             25            29            5             12            31            19            10            74            37            29            359           24            -             19            32            12            259           13            
Shenzhen          42            7             30            34            10            12            43            18            9             30            32            29            9             59            17            -             42            11            7             1             
Singapore         214           5             71            14            8             21            100           170           10            413           18            15            229           23            823           679           -             15            67            221           
Tanger Med        5             20            21            15            2             2             28            4             1             5             21            12            5             23            16            14            8             -             2             4             
Tianjin           8             3             8             9             2             1             14            7             1             23            12            8             7             15            23            6             12            3             -             0             
Xiamen            18            3             15            15            2             2             19            14            2             13            15            12            6             15            12            42            18            6             1             -             

Port-Level Shipment Waiting and Vessel Queue Statistics

Port                       Origin Waiting TEU   Transshipment Waiting TEU   Total Waiting TEU   Vessels Waiting
---------------------------------------------------------------------------------------------------------------
Busan                                     383                         246                 629              0.03
Cartagena                                 107                           0                 107              0.00
Colombo                                 2,363                          10               2,373              0.00
Hamburg                                   306                           0                 306              0.00
Ho Chi Minh City                           98                           0                  98              0.06
Jakarta                                   118                           0                 118              0.05
Jebel Ali                               1,712                           0               1,712              0.00
Kaohsiung                                 181                          50                 231              0.02
Laem Chabang                              104                           0                 104              0.03
Los Angeles                               232                           0                 232              0.00
New Jersey                                257                          86                 343              0.00
Piraeus                                   204                           0                 204              0.00
Qingdao                                   210                          50                 260              0.01
Rotterdam                                 392                           0                 392              0.00
Shanghai                                1,474                         563               2,037              0.00
Shenzhen                                  443                          29                 471              0.00
Singapore                               3,116                       2,240               5,356              0.00
Tanger Med                                209                          79                 287              0.01
Tianjin                                   162                           0                 162              0.01
Xiamen                                    230                           0                 230              0.02
---------------------------------------------------------------------------------------------------------------
TOTAL                                  12,300                       3,352              15,652              0.23



============================================================
Shipment Being Transported Statistics
============================================================

Average TEUs in Transition by Demand Matrix
------------------------------------------------------------
Origin Dest       Busan         Cartagena     Colombo       Hamburg       Ho Chi Minh CityJakarta       Jebel Ali     Kaohsiung     Laem Chabang  Los Angeles   New Jersey    Piraeus       Qingdao       Rotterdam     Shanghai      Shenzhen      Singapore     Tanger Med    Tianjin       Xiamen        
----------------------------------------------------------------------------------------------------------------------------------------------------------------------------------------------------------------------------------------------------------------------------------------------------------
Busan             -             34            56            123           10            14            91            57            9             461           245           85            6             208           27            44            34            80            7             17            
Cartagena         26            -             73            42            17            9             85            21            14            64            41            43            40            79            135           121           74            41            13            42            
Colombo           0             33            -             139           17            19            68            0             17            0             109           87            0             220           0             0             30            113           0             0             
Hamburg           119           30            254           -             26            34            452           78            26            71            47            28            73            7             323           317           145           20            30            103           
Ho Chi Minh City  46            11            28            41            -             7             64            27            2             90            40            25            33            67            198           178           18            32            26            29            
Jakarta           57            15            34            48            6             -             74            37            4             108           38            48            57            83            217           237           6             31            23            50            
Jebel Ali         16            25            56            134           17            22            -             13            23            17            67            69            14            177           36            37            59            148           2             14            
Kaohsiung         18            22            31            96            7             10            50            -             5             277           94            54            24            103           59            36            35            39            11            14            
Laem Chabang      52            11            29            44            4             9             47            27            -             88            28            44            33            77            203           181           9             25            17            34            
Los Angeles       414           95            106           99            45            42            176           199           33            -             353           81            284           132           661           339           131           51            139           205           
New Jersey        109           47            235           103           25            29            140           83            25            328           -             56            77            123           342           278           104           28            49            80            
Piraeus           87            43            226           17            24            33            391           63            23            82            68            -             94            51            253           249           96            24            34            71            
Qingdao           164           43            24            94            6             13            49            8             6             417           121           69            -             113           8             8             18            52            73            0             
Rotterdam         160           34            468           4             45            60            617           102           46            127           64            19            134           -             426           420           187           21            63            135           
Shanghai          0             85            52            288           15            35            116           7             20            496           321           209           0             285           -             15            55            151           0             4             
Shenzhen          35            51            55            293           13            29            140           6             15            259           299           187           22            429           49            -             35            109           10            5             
Singapore         0             41            33            126           5             10            95            0             9             0             102           91            0             244           0             0             -             116           0             0             
Tanger Med        83            22            249           13            35            48            338           66            33            64            13            11            60            16            222           185           154           -             23            57            
Tianjin           117           29            22            92            3             3             53            12            4             182           83            69            2             129           11            9             22            51            -             0             
Xiamen            21            21            32            126           2             6             63            4             7             151           134           106           20            180           37            11            23            55            0             -             

Completed TEUs by Demand Matrix
------------------------------------------------------------
Origin Dest       Busan         Cartagena     Colombo       Hamburg       Ho Chi Minh CityJakarta       Jebel Ali     Kaohsiung     Laem Chabang  Los Angeles   New Jersey    Piraeus       Qingdao       Rotterdam     Shanghai      Shenzhen      Singapore     Tanger Med    Tianjin       Xiamen        
----------------------------------------------------------------------------------------------------------------------------------------------------------------------------------------------------------------------------------------------------------------------------------------------------------
Busan             -             14            65            15            15            16            72            248           5             186           83            60            64            65            180           98            50            22            68            53            
Cartagena         0             -             0             38            0             0             43            0             0             0             222           35            0             59            0             0             0             57            0             0             
Colombo           0             16            -             30            25            38            237           0             21            0             54            111           0             114           0             0             121           58            0             0             
Hamburg           0             34            0             -             0             0             312           0             0             0             53            67            0             89            0             0             0             97            0             0             
Ho Chi Minh City  0             5             36            6             -             22            48            0             29            0             21            23            0             34            0             0             78            20            0             0             
Jakarta           0             8             54            8             36            -             76            0             13            0             18            43            0             33            0             0             59            11            0             0             
Jebel Ali         0             12            196           49            16            28            -             0             20            0             35            83            0             98            0             0             101           101           0             0             
Kaohsiung         121           4             16            13            12            0             12            -             5             171           36            35            37            41            84            23            10            14            44            6             
Laem Chabang      0             5             25            6             15            41            42            0             -             0             8             42            0             41            0             0             64            15            0             0             
Los Angeles       0             0             0             0             0             0             0             0             0             -             0             0             0             0             0             0             0             0             0             0             
New Jersey        0             179           0             111           0             0             85            0             0             0             -             46            0             146           0             0             0             57            0             0             
Piraeus           0             29            0             14            0             0             320           0             0             0             19            -             0             126           0             0             0             104           0             0             
Qingdao           0             9             36            15            14            13            47            55            7             193           27            42            -             38            115           32            43            29            0             2             
Rotterdam         0             49            0             35            0             0             444           0             0             0             58            50            0             -             0             0             0             126           0             0             
Shanghai          0             37            106           72            44            40            130           72            27            254           135           148           0             123           -             93            148           46            0             44            
Shenzhen          165           33            123           91            49            43            216           80            25            63            145           133           28            183           58            -             154           50            33            1             
Singapore         0             14            136           31            47            96            182           0             34            0             54            69            0             100           0             0             -             53            0             0             
Tanger Med        0             44            0             30            0             0             244           0             0             0             24            48            0             93            0             0             0             -             0             0             
Tianjin           0             2             37            12            8             2             61            20            5             93            24            42            35            46            94            34            48            21            -             3             
Xiamen            81            7             50            20            10            12            76            34            9             40            35            69            23            72            43            194           74            19            0             -             


============================================================
Service Route Capacity and Utilization Statistics
============================================================
Route     Name                                Avg Capacity TEU     Avg Carried TEU    Utilization
-------------------------------------------------------------------------------------------------
S1        Asia-Europe-NorthEurope                      148,270              15,049         10.15%
S2        Intra-EastAsia                                12,844                 286          2.23%
S3        SEA-Feeder                                     6,908                 231          3.35%
S4        Transpacific-WestCoast                       104,338               5,854          5.61%
S5        Asia-US-East                                 103,443               4,067          3.93%
S6        Transatlantic-SouthConnector                  22,765                 882          3.88%
S7        IndianOcean-MiddleEast                         7,443                 470          6.32%
-------------------------------------------------------------------------------------------------
TOTAL                                                  406,009              26,839          6.61%


============================================================
Vessel Statistics
============================================================
Metric                                            Average Count
---------------------------------------------------------------
Average vessels sailing                                   32.07
Average vessels waiting for berth at port                  0.23
Average vessels being served at berth                      1.55
---------------------------------------------------------------
TOTAL average active/port vessels                         33.86


Period Result Output: Period 3 (Days 11-15)
Output Simulation Day: 15
Simulation Running Time: 00:06:36

Simulation Progress: Day 20 / 100
Simulation Clock Time: 0001-03-12 00:00:00


============================================================
Shipment Waiting for Loading Statistics
============================================================

TEUs by Demand Matrix
------------------------------------------------------------
Origin Dest       Busan         Cartagena     Colombo       Hamburg       Ho Chi Minh CityJakarta       Jebel Ali     Kaohsiung     Laem Chabang  Los Angeles   New Jersey    Piraeus       Qingdao       Rotterdam     Shanghai      Shenzhen      Singapore     Tanger Med    Tianjin       Xiamen        
----------------------------------------------------------------------------------------------------------------------------------------------------------------------------------------------------------------------------------------------------------------------------------------------------------
Busan             -             2             15            13            3             2             22            74            3             46            22            12            16            22            46            22            14            9             15            14            
Cartagena         2             -             6             8             1             2             7             1             1             5             35            7             3             16            11            8             4             13            3             2             
Colombo           176           5             -             15            10            19            133           125           12            111           13            15            178           36            514           582           62            15            40            146           
Hamburg           7             16            18            -             3             2             31            6             3             6             32            22            7             40            17            20            9             26            2             6             
Ho Chi Minh City  3             1             4             2             -             7             12            2             5             5             3             2             3             7             10            10            18            4             1             2             
Jakarta           4             1             10            4             6             -             15            2             2             8             5             6             3             7             12            16            12            4             1             3             
Jebel Ali         118           8             110           21            10            13            -             91            12            121           23            22            99            34            260           272           57            28            17            101           
Kaohsiung         30            1             4             8             2             2             6             -             0             47            9             5             9             8             18            10            7             3             9             4             
Laem Chabang      2             2             5             3             2             9             7             1             -             5             4             4             3             4             14            12            18            1             2             2             
Los Angeles       24            9             9             6             3             2             15            15            3             -             30            4             22            12            51            35            11            3             9             12            
New Jersey        7             62            16            29            3             1             9             3             2             22            -             11            7             33            24            22            6             8             2             7             
Piraeus           5             9             20            9             1             2             24            5             1             4             16            -             7             32            14            15            8             19            1             4             
Qingdao           12            2             10            10            3             2             13            12            2             54            12            7             -             9             30            9             11            7             7             1             
Rotterdam         9             19            31            15            3             4             46            7             1             10            75            13            7             -             28            21            13            39            3             13            
Shanghai          462           8             26            28            6             12            33            18            10            76            49            31            350           29            -             20            31            11            255           12            
Shenzhen          39            9             27            33            10            12            45            19            8             26            40            27            8             53            16            -             43            12            7             2             
Singapore         223           4             59            14            7             20            84            178           8             433           16            15            241           24            864           710           -             15            69            232           
Tanger Med        5             17            19            13            2             3             28            3             1             5             18            12            6             22            18            16            8             -             2             3             
Tianjin           9             2             9             10            2             1             14            7             2             26            13            8             7             14            24            7             13            2             -             1             
Xiamen            17            3             14            14            2             2             17            13            2             14            14            11            6             15            11            38            17            7             1             -             

Port-Level Shipment Waiting and Vessel Queue Statistics

Port                       Origin Waiting TEU   Transshipment Waiting TEU   Total Waiting TEU   Vessels Waiting
---------------------------------------------------------------------------------------------------------------
Busan                                     373                         219                 592              0.02
Cartagena                                 136                           0                 136              0.00
Colombo                                 2,206                          18               2,224              0.02
Hamburg                                   273                           0                 273              0.00
Ho Chi Minh City                          101                           0                 101              0.05
Jakarta                                   120                           0                 120              0.06
Jebel Ali                               1,417                           0               1,417              0.00
Kaohsiung                                 184                          50                 234              0.03
Laem Chabang                               99                           0                  99              0.02
Los Angeles                               274                           0                 274              0.00
New Jersey                                275                         104                 380              0.00
Piraeus                                   197                           0                 197              0.00
Qingdao                                   213                          50                 263              0.01
Rotterdam                                 356                           0                 356              0.00
Shanghai                                1,470                         681               2,151              0.00
Shenzhen                                  435                          70                 504              0.00
Singapore                               3,216                       2,339               5,555              0.00
Tanger Med                                201                          72                 274              0.01
Tianjin                                   170                           0                 170              0.01
Xiamen                                    216                           0                 216              0.02
---------------------------------------------------------------------------------------------------------------
TOTAL                                  11,932                       3,603              15,535              0.24



============================================================
Shipment Being Transported Statistics
============================================================

Average TEUs in Transition by Demand Matrix
------------------------------------------------------------
Origin Dest       Busan         Cartagena     Colombo       Hamburg       Ho Chi Minh CityJakarta       Jebel Ali     Kaohsiung     Laem Chabang  Los Angeles   New Jersey    Piraeus       Qingdao       Rotterdam     Shanghai      Shenzhen      Singapore     Tanger Med    Tianjin       Xiamen        
----------------------------------------------------------------------------------------------------------------------------------------------------------------------------------------------------------------------------------------------------------------------------------------------------------
Busan             -             34            55            126           10            12            97            74            9             470           250           87            7             210           31            42            36            81            7             18            
Cartagena         26            -             69            36            17            10            76            22            14            65            30            38            41            68            139           124           75            37            13            42            
Colombo           22            34            -             138           18            20            65            16            20            15            110           87            23            225           65            73            26            113           5             18            
Hamburg           124           36            256           -             28            35            401           83            28            75            64            32            79            8             337           337           152           24            31            109           
Ho Chi Minh City  49            11            27            40            -             7             68            28            2             93            39            24            35            65            206           185           16            32            26            30            
Jakarta           60            15            35            47            6             -             76            39            4             115           40            48            59            82            227           251           6             33            24            53            
Jebel Ali         59            26            42            132           17            21            -             48            24            60            69            68            50            178           129           133           48            148           9             51            
Kaohsiung         20            22            31            94            7             12            52            -             4             279           95            52            23            101           59            36            37            38            11            15            
Laem Chabang      54            11            30            42            4             9             48            28            -             92            30            42            35            73            215           192           10            24            18            35            
Los Angeles       426           100           110           102           46            43            183           206           35            -             366           83            295           138           681           354           137           53            143           213           
New Jersey        113           35            219           92            27            29            128           85            27            346           -             55            81            112           356           291           107           25            50            84            
Piraeus           90            47            229           16            25            35            331           66            24            85            76            -             99            55            262           259           101           21            35            74            
Qingdao           172           45            24            96            6             12            51            7             6             426           122           68            -             112           6             12            19            51            77            0             
Rotterdam         166           41            470           4             47            64            543           107           48            133           98            22            139           -             451           436           196           26            65            144           
Shanghai          29            83            57            290           14            37            119           7             19            520           314           207           22            285           -             12            56            148           16            4             
Shenzhen          39            51            56            290           13            31            141           7             15            267           296           192           23            440           51            -             40            108           12            6             
Singapore         0             43            52            126           5             10            117           0             7             0             106           91            0             243           0             0             -             113           0             0             
Tanger Med        88            25            248           12            36            50            298           69            34            66            20            10            63            16            233           196           160           -             24            58            
Tianjin           122           30            21            91            3             4             53            13            3             184           84            67            1             129           8             11            24            50            -             0             
Xiamen            24            23            32            128           3             7             66            7             6             155           137           104           20            178           40            13            25            55            1             -             

Completed TEUs by Demand Matrix
------------------------------------------------------------
Origin Dest       Busan         Cartagena     Colombo       Hamburg       Ho Chi Minh CityJakarta       Jebel Ali     Kaohsiung     Laem Chabang  Los Angeles   New Jersey    Piraeus       Qingdao       Rotterdam     Shanghai      Shenzhen      Singapore     Tanger Med    Tianjin       Xiamen        
----------------------------------------------------------------------------------------------------------------------------------------------------------------------------------------------------------------------------------------------------------------------------------------------------------
Busan             -             14            97            35            15            21            114           248           11            320           83            60            107           107           274           151           76            40            68            72            
Cartagena         0             -             41            50            0             0             43            0             0             0             222           35            0             99            0             0             39            57            0             0             
Colombo           0             16            -             73            25            77            237           0             21            0             54            111           0             167           0             0             241           91            0             0             
Hamburg           0             34            181           -             0             0             312           0             0             0             53            67            0             171           0             0             0             154           0             0             
Ho Chi Minh City  0             5             59            18            -             35            48            0             29            0             21            23            0             45            0             0             112           24            0             0             
Jakarta           0             8             93            18            36            -             76            0             17            0             18            43            0             46            0             0             79            14            0             0             
Jebel Ali         0             12            196           78            16            57            -             0             20            0             35            83            0             154           0             0             216           143           0             0             
Kaohsiung         175           4             28            33            12            3             37            -             8             241           36            35            55            64            126           38            36            29            44            13            
Laem Chabang      0             5             54            21            15            55            42            0             -             0             8             42            0             53            0             0             105           16            0             0             
Los Angeles       0             0             0             0             0             0             0             0             0             -             0             0             0             0             371           0             0             0             0             0             
New Jersey        0             179           151           161           0             0             85            0             0             0             -             46            0             199           0             0             67            57            0             0             
Piraeus           0             29            160           37            0             0             320           0             0             0             19            -             0             194           0             0             0             128           0             0             
Qingdao           0             9             56            31            14            22            73            55            14            320           27            42            -             59            115           32            43            40            0             3             
Rotterdam         0             49            291           71            0             0             444           0             0             0             58            50            0             -             0             0             0             204           0             0             
Shanghai          0             37            137           118           44            56            203           72            46            385           135           148           0             171           -             134           219           90            0             72            
Shenzhen          244           33            170           150           49            65            282           129           41            122           145           133           49            296           93            -             232           77            33            4             
Singapore         0             14            283           58            47            134           182           0             56            0             54            69            0             145           0             0             -             87            0             0             
Tanger Med        0             44            171           60            0             0             244           0             0             0             24            48            0             126           0             0             0             -             0             0             
Tianjin           0             2             55            33            8             4             88            20            9             93            24            42            35            74            94            34            48            28            -             4             
Xiamen            121           7             82            48            10            15            123           73            18            80            35            69            39            101           76            281           74            28            0             -             


============================================================
Service Route Capacity and Utilization Statistics
============================================================
Route     Name                                Avg Capacity TEU     Avg Carried TEU    Utilization
-------------------------------------------------------------------------------------------------
S1        Asia-Europe-NorthEurope                      154,279              15,477         10.03%
S2        Intra-EastAsia                                12,922                 294          2.27%
S3        SEA-Feeder                                     6,995                 233          3.33%
S4        Transpacific-WestCoast                       108,608               6,005          5.53%
S5        Asia-US-East                                 106,189               4,104          3.86%
S6        Transatlantic-SouthConnector                  22,848                 891          3.90%
S7        IndianOcean-MiddleEast                         7,376                 479          6.50%
-------------------------------------------------------------------------------------------------
TOTAL                                                  419,217              27,482          6.56%


============================================================
Vessel Statistics
============================================================
Metric                                            Average Count
---------------------------------------------------------------
Average vessels sailing                                   32.99
Average vessels waiting for berth at port                  0.24
Average vessels being served at berth                      1.59
---------------------------------------------------------------
TOTAL average active/port vessels                         34.81


Period Result Output: Period 4 (Days 16-20)
Output Simulation Day: 20
Simulation Running Time: 00:07:05

Simulation Progress: Day 25 / 100
Simulation Clock Time: 0001-03-17 00:00:00


============================================================
Shipment Waiting for Loading Statistics
============================================================

TEUs by Demand Matrix
------------------------------------------------------------
Origin Dest       Busan         Cartagena     Colombo       Hamburg       Ho Chi Minh CityJakarta       Jebel Ali     Kaohsiung     Laem Chabang  Los Angeles   New Jersey    Piraeus       Qingdao       Rotterdam     Shanghai      Shenzhen      Singapore     Tanger Med    Tianjin       Xiamen        
----------------------------------------------------------------------------------------------------------------------------------------------------------------------------------------------------------------------------------------------------------------------------------------------------------
Busan             -             2             14            13            3             2             21            64            3             45            20            12            16            21            45            21            14            8             14            13            
Cartagena         3             -             7             11            2             3             9             0             2             8             47            10            4             21            14            11            5             18            4             3             
Colombo           143           5             -             15            11            21            114           103           14            90            13            14            145           34            421           472           74            15            33            118           
Hamburg           7             15            16            -             2             2             29            5             3             5             31            20            6             37            17            21            9             23            2             6             
Ho Chi Minh City  3             1             4             3             -             6             12            1             4             5             2             2             3             6             9             9             17            4             1             2             
Jakarta           4             1             10            4             7             -             15            1             3             8             5             6             3             7             13            16            13            4             1             3             
Jebel Ali         97            8             110           21            10            13            -             74            12            100           24            20            81            32            212           224           55            28            14            83            
Kaohsiung         30            1             5             10            2             2             7             -             1             44            9             6             9             8             19            11            8             4             10            4             
Laem Chabang      2             2             5             3             2             8             7             1             -             5             4             4             2             4             12            11            17            1             2             2             
Los Angeles       24            9             8             5             2             2             14            15            3             -             28            4             22            11            50            32            10            3             9             12            
New Jersey        6             57            15            38            3             1             12            3             2             22            -             13            6             38            23            20            6             8             1             7             
Piraeus           5             8             19            9             1             2             24            5             1             5             17            -             7             30            15            15            8             19            1             4             
Qingdao           11            2             10            10            3             3             13            12            2             51            11            7             -             10            28            9             11            7             6             1             
Rotterdam         9             19            29            15            3             3             45            6             1             9             74            12            7             -             28            23            13            38            3             12            
Shanghai          375           9             26            27            6             12            33            17            10            69            60            28            284           31            -             20            29            11            209           11            
Shenzhen          39            12            27            31            10            12            48            20            8             26            58            27            8             50            17            -             44            14            7             2             
Singapore         196           6             58            14            7             19            85            155           8             381           18            15            212           24            759           625           -             15            61            204           
Tanger Med        5             15            17            13            3             3             26            3             1             5             15            12            5             23            17            14            8             -             2             3             
Tianjin           8             2             8             9             2             1             13            6             1             24            11            8             7             13            23            6             12            2             -             1             
Xiamen            17            3             14            14            3             2             17            13            2             17            16            11            5             15            12            38            19            8             1             -             

Port-Level Shipment Waiting and Vessel Queue Statistics

Port                       Origin Waiting TEU   Transshipment Waiting TEU   Total Waiting TEU   Vessels Waiting
---------------------------------------------------------------------------------------------------------------
Busan                                     349                         263                 612              0.02
Cartagena                                 185                           0                 185              0.00
Colombo                                 1,855                          14               1,869              0.02
Hamburg                                   257                           0                 257              0.00
Ho Chi Minh City                           95                           0                  95              0.04
Jakarta                                   125                           0                 125              0.07
Jebel Ali                               1,219                           0               1,219              0.00
Kaohsiung                                 189                          40                 229              0.02
Laem Chabang                               93                           0                  93              0.02
Los Angeles                               265                           0                 265              0.00
New Jersey                                282                          87                 369              0.00
Piraeus                                   192                           0                 192              0.00
Qingdao                                   207                          47                 254              0.01
Rotterdam                                 348                           0                 348              0.00
Shanghai                                1,267                         781               2,048              0.00
Shenzhen                                  460                          97                 556              0.00
Singapore                               2,861                       2,131               4,993              0.00
Tanger Med                                191                          65                 255              0.01
Tianjin                                   158                           0                 158              0.01
Xiamen                                    226                           0                 226              0.02
---------------------------------------------------------------------------------------------------------------
TOTAL                                  10,823                       3,524              14,347              0.23



============================================================
Shipment Being Transported Statistics
============================================================

Average TEUs in Transition by Demand Matrix
------------------------------------------------------------
Origin Dest       Busan         Cartagena     Colombo       Hamburg       Ho Chi Minh CityJakarta       Jebel Ali     Kaohsiung     Laem Chabang  Los Angeles   New Jersey    Piraeus       Qingdao       Rotterdam     Shanghai      Shenzhen      Singapore     Tanger Med    Tianjin       Xiamen        
----------------------------------------------------------------------------------------------------------------------------------------------------------------------------------------------------------------------------------------------------------------------------------------------------------
Busan             -             35            54            130           10            11            99            68            9             466           251           92            7             210           30            41            40            83            6             22            
Cartagena         27            -             64            32            17            10            71            22            14            66            25            33            41            58            141           126           69            31            13            43            
Colombo           62            36            -             134           15            16            77            45            17            43            107           86            64            225           183           205           21            114           15            52            
Hamburg           130           41            235           -             30            36            370           87            29            79            65            34            84            8             351           352           150           25            33            114           
Ho Chi Minh City  52            11            26            38            -             8             70            30            2             99            38            24            37            63            215           193           17            33            27            32            
Jakarta           63            16            32            46            6             -             79            40            3             123           41            49            61            81            238           264           6             35            25            55            
Jebel Ali         88            27            55            133           16            19            -             71            22            89            69            74            74            178           190           198           46            152           14            76            
Kaohsiung         16            23            29            93            7             12            50            -             4             291           95            51            20            97            52            36            35            36            10            15            
Laem Chabang      55            12            28            41            4             9             49            29            -             97            32            40            37            70            224           202           12            24            19            37            
Los Angeles       396           105           116           106           48            45            192           212           37            -             386           86            293           145           642           361           145           55            149           215           
New Jersey        118           51            205           80            29            30            118           88            28            363           -             51            85            98            367           307           98            21            51            89            
Piraeus           93            51            213           16            25            35            296           69            25            88            72            -             104           52            273           269           99            21            36            77            
Qingdao           149           46            26            97            7             12            52            8             6             433           124           69            -             111           7             15            22            51            81            0             
Rotterdam         172           47            439           4             50            66            504           112           49            140           98            21            146           -             474           454           193           27            68            153           
Shanghai          45            82            61            289           14            40            121           7             20            540           303           209           54            290           -             14            53            145           76            4             
Shenzhen          35            51            55            285           13            33            143           7             14            266           282           196           20            434           46            -             40            110           11            6             
Singapore         36            44            41            124           4             11            117           28            6             72            104           92            40            241           141           116           -             111           11            39            
Tanger Med        93            30            228           10            38            51            277           71            35            69            20            10            67            14            246           209           154           -             26            60            
Tianjin           106           31            23            91            4             4             53            12            3             195           86            67            2             129           9             14            30            49            -             0             
Xiamen            21            24            34            128           4             7             63            7             5             155           136           100           18            174           36            13            30            57            1             -             

Completed TEUs by Demand Matrix
------------------------------------------------------------
Origin Dest       Busan         Cartagena     Colombo       Hamburg       Ho Chi Minh CityJakarta       Jebel Ali     Kaohsiung     Laem Chabang  Los Angeles   New Jersey    Piraeus       Qingdao       Rotterdam     Shanghai      Shenzhen      Singapore     Tanger Med    Tianjin       Xiamen        
----------------------------------------------------------------------------------------------------------------------------------------------------------------------------------------------------------------------------------------------------------------------------------------------------------
Busan             -             14            133           54            20            24            114           480           18            320           123           68            130           107           328           193           76            55            92            97            
Cartagena         0             -             41            65            0             3             48            0             0             0             222           44            0             122           73            0             39            82            0             0             
Colombo           0             16            -             115           48            77            449           0             48            0             94            138           0             167           0             0             241           128           0             0             
Hamburg           0             34            181           -             0             23            391           0             0             0             142           111           0             216           0             0             96            198           0             0             
Ho Chi Minh City  0             5             59            27            -             49            98            0             38            0             31            26            0             45            0             0             144           29            0             0             
Jakarta           0             8             93            26            49            -             140           0             23            0             22            57            0             46            0             0             79            20            0             0             
Jebel Ali         0             12            196           118           35            57            -             0             46            0             70            107           0             154           0             0             216           194           0             0             
Kaohsiung         175           4             43            42            14            8             37            -             9             241           51            43            72            64            168           60            36            35            65            24            
Laem Chabang      0             5             54            25            18            66            79            0             -             0             12            54            0             53            0             0             149           26            0             0             
Los Angeles       281           0             0             0             0             0             0             137           0             -             0             0             165           0             459           207           0             0             0             124           
New Jersey        0             179           151           201           0             16            104           0             0             0             -             74            0             264           227           0             67            75            0             0             
Piraeus           0             29            160           53            0             26            376           0             0             0             103           -             0             194           0             0             72            160           0             0             
Qingdao           197           9             56            46            14            22            73            91            14            320           42            54            -             59            163           55            43            49            0             4             
Rotterdam         0             49            291           95            0             32            521           0             0             0             232           83            0             -             0             0             127           267           0             0             
Shanghai          550           37            205           176           56            89            203           115           63            385           198           191           418           171           -             182           219           128           0             92            
Shenzhen          244           33            233           202           66            93            282           129           58            122           215           171           67            296           128           -             232           98            54            8             
Singapore         0             14            283           89            55            173           376           0             62            0             82            93            0             145           0             0             -             114           0             0             
Tanger Med        0             44            171           73            0             38            294           0             0             0             63            67            0             126           0             0             120           -             0             0             
Tianjin           136           2             55            53            8             4             88            45            9             93            40            59            48            74            131           52            48            40            -             6             
Xiamen            121           7             82            70            10            15            123           73            18            80            74            100           53            101           101           354           74            42            3             -             


============================================================
Service Route Capacity and Utilization Statistics
============================================================
Route     Name                                Avg Capacity TEU     Avg Carried TEU    Utilization
-------------------------------------------------------------------------------------------------
S1        Asia-Europe-NorthEurope                      160,097              16,514         10.31%
S2        Intra-EastAsia                                12,834                 284          2.22%
S3        SEA-Feeder                                     6,964                 239          3.43%
S4        Transpacific-WestCoast                       112,000               5,887          5.26%
S5        Asia-US-East                                 108,032               4,070          3.77%
S6        Transatlantic-SouthConnector                  22,745                 865          3.80%
S7        IndianOcean-MiddleEast                         7,401                 479          6.47%
-------------------------------------------------------------------------------------------------
TOTAL                                                  430,074              28,338          6.59%


============================================================
Vessel Statistics
============================================================
Metric                                            Average Count
---------------------------------------------------------------
Average vessels sailing                                   33.68
Average vessels waiting for berth at port                  0.23
Average vessels being served at berth                      1.70
---------------------------------------------------------------
TOTAL average active/port vessels                         35.61


Period Result Output: Period 5 (Days 21-25)
Output Simulation Day: 25
Simulation Running Time: 00:07:47

Simulation Progress: Day 30 / 100
Simulation Clock Time: 0001-03-22 00:00:00


============================================================
Shipment Waiting for Loading Statistics
============================================================

TEUs by Demand Matrix
------------------------------------------------------------
Origin Dest       Busan         Cartagena     Colombo       Hamburg       Ho Chi Minh CityJakarta       Jebel Ali     Kaohsiung     Laem Chabang  Los Angeles   New Jersey    Piraeus       Qingdao       Rotterdam     Shanghai      Shenzhen      Singapore     Tanger Med    Tianjin       Xiamen        
----------------------------------------------------------------------------------------------------------------------------------------------------------------------------------------------------------------------------------------------------------------------------------------------------------
Busan             -             2             13            12            2             2             22            61            2             44            19            11            17            20            43            21            14            8             14            12            
Cartagena         3             -             7             11            2             3             8             0             1             8             42            9             4             19            12            11            5             16            4             3             
Colombo           122           6             -             16            11            21            111           86            13            76            18            14            122           34            357           397           71            16            27            100           
Hamburg           8             14            16            -             2             2             28            5             3             5             32            19            6             37            17            23            10            22            2             6             
Ho Chi Minh City  2             1             5             3             -             6             12            1             4             4             2             2             2             6             9             9             17            3             1             2             
Jakarta           4             1             10            4             6             -             15            1             2             7             5             6             3             7             14            16            13            4             2             3             
Jebel Ali         82            7             99            20            9             12            -             63            12            85            23            19            69            32            178           189           53            28            12            70            
Kaohsiung         27            1             5             9             2             2             7             -             1             42            8             5             8             7             17            10            7             4             9             5             
Laem Chabang      2             2             5             3             2             8             7             1             -             5             4             4             2             5             12            10            16            2             2             2             
Los Angeles       24            8             8             5             2             2             14            14            3             -             28            4             21            11            49            31            9             4             8             11            
New Jersey        6             53            15            46            2             1             16            3             2             21            -             17            6             43            22            18            6             10            2             6             
Piraeus           5             8             18            9             1             2             23            4             2             4             17            -             6             28            15            14            8             21            1             4             
Qingdao           12            2             12            11            3             4             15            12            2             49            11            8             -             11            28            10            14            8             5             1             
Rotterdam         8             18            30            14            4             4             48            7             1             9             68            13            7             -             31            27            13            40            3             12            
Shanghai          316           9             26            26            6             12            31            17            9             64            57            26            239           30            -             20            29            11            177           12            
Shenzhen          38            11            29            31            11            12            49            19            8             25            56            26            8             52            16            -             47            16            7             2             
Singapore         168           7             63            14            7             20            97            131           8             323           22            15            179           24            643           531           -             14            52            173           
Tanger Med        6             14            18            12            3             3             25            3             2             5             14            13            6             23            17            14            8             -             2             3             
Tianjin           8             2             9             9             2             1             13            6             1             24            11            8             7             14            25            6             12            2             -             0             
Xiamen            18            3             13            14            3             2             17            13            2             17            15            11            5             15            12            39            18            8             1             -             

Port-Level Shipment Waiting and Vessel Queue Statistics

Port                       Origin Waiting TEU   Transshipment Waiting TEU   Total Waiting TEU   Vessels Waiting
---------------------------------------------------------------------------------------------------------------
Busan                                     339                         283                 622              0.02
Cartagena                                 169                           0                 169              0.00
Colombo                                 1,618                          19               1,638              0.02
Hamburg                                   256                           0                 256              0.00
Ho Chi Minh City                           93                           0                  93              0.05
Jakarta                                   123                           0                 123              0.05
Jebel Ali                               1,062                           0               1,062              0.00
Kaohsiung                                 176                          47                 222              0.02
Laem Chabang                               92                           0                  92              0.02
Los Angeles                               254                           0                 254              0.00
New Jersey                                296                          84                 381              0.00
Piraeus                                   189                           0                 189              0.00
Qingdao                                   218                          46                 264              0.01
Rotterdam                                 359                           0                 359              0.00
Shanghai                                1,117                       1,093               2,211              0.00
Shenzhen                                  462                         122                 585              0.00
Singapore                               2,491                       1,897               4,388              0.00
Tanger Med                                190                          57                 247              0.00
Tianjin                                   161                           0                 161              0.01
Xiamen                                    226                           0                 226              0.02
---------------------------------------------------------------------------------------------------------------
TOTAL                                   9,892                       3,650              13,541              0.24



============================================================
Shipment Being Transported Statistics
============================================================

Average TEUs in Transition by Demand Matrix
------------------------------------------------------------
Origin Dest       Busan         Cartagena     Colombo       Hamburg       Ho Chi Minh CityJakarta       Jebel Ali     Kaohsiung     Laem Chabang  Los Angeles   New Jersey    Piraeus       Qingdao       Rotterdam     Shanghai      Shenzhen      Singapore     Tanger Med    Tianjin       Xiamen        
----------------------------------------------------------------------------------------------------------------------------------------------------------------------------------------------------------------------------------------------------------------------------------------------------------
Busan             -             34            52            134           10            11            100           67            9             455           251           96            8             211           30            44            42            83            7             24            
Cartagena         27            -             62            31            18            12            71            22            15            70            37            33            42            56            136           124           67            34            15            45            
Colombo           93            34            -             132           15            17            64            66            18            64            100           84            95            224           238           300           37            111           23            76            
Hamburg           136           40            221           -             30            34            343           90            30            83            64            32            88            9             350           367           143           22            34            118           
Ho Chi Minh City  55            11            26            37            -             8             70            31            2             103           37            24            39            63            210           200           19            33            28            33            
Jakarta           67            15            32            46            6             -             79            42            4             130           42            51            63            81            235           277           5             36            26            58            
Jebel Ali         112           27            60            135           17            20            -             88            21            112           74            79            93            182           215           249           52            155           17            95            
Kaohsiung         17            23            29            94            8             13            49            -             4             298           93            52            20            95            49            37            36            36            10            15            
Laem Chabang      57            12            28            40            4             8             48            30            -             102           34            39            38            68            218           211           12            23            20            38            
Los Angeles       368           111           121           110           50            47            202           200           39            -             407           89            282           153           614           351           142           57            151           204           
New Jersey        114           51            194           70            29            28            112           91            29            380           -             45            85            85            344           298           93            18            51            93            
Piraeus           97            47            202           15            25            33            272           72            25            92            70            -             109           51            275           281           94            21            37            80            
Qingdao           126           45            28            98            7             12            54            9             6             437           122           69            -             109           7             16            24            50            80            0             
Rotterdam         177           48            411           4             49            63            475           117           48            145           102           20            151           -             481           472           182           27            70            160           
Shanghai          39            80            64            290           16            40            124           8             21            552           307           211           48            298           -             15            51            142           108           4             
Shenzhen          35            52            54            282           14            32            143           6             15            263           286           198           19            429           45            -             38            111           10            6             
Singapore         74            42            35            125           4             9             97            58            7             149           101           92            83            240           237           242           -             109           23            81            
Tanger Med        96            30            214           11            37            47            258           73            35            72            19            10            70            14            249           219           141           -             28            61            
Tianjin           89            30            25            90            4             5             55            10            4             198           86            67            2             128           10            15            31            48            -             0             
Xiamen            20            24            38            129           6             9             65            6             5             152           135           97            16            174           34            11            36            57            1             -             

Completed TEUs by Demand Matrix
------------------------------------------------------------
Origin Dest       Busan         Cartagena     Colombo       Hamburg       Ho Chi Minh CityJakarta       Jebel Ali     Kaohsiung     Laem Chabang  Los Angeles   New Jersey    Piraeus       Qingdao       Rotterdam     Shanghai      Shenzhen      Singapore     Tanger Med    Tianjin       Xiamen        
----------------------------------------------------------------------------------------------------------------------------------------------------------------------------------------------------------------------------------------------------------------------------------------------------------
Busan             -             23            155           84            20            24            163           568           18            443           163           87            170           152           403           193           109           55            118           97            
Cartagena         15            -             46            65            5             3             48            14            5             0             337           56            19            122           73            58            45            82            6             0             
Colombo           0             32            -             141           48            77            449           0             48            0             133           165           0             228           653           0             241           128           0             0             
Hamburg           0             77            206           -             17            23            429           0             18            0             182           143           0             287           246           0             115           198           0             0             
Ho Chi Minh City  0             8             59            33            -             49            98            0             47            0             39            32            0             56            229           0             188           29            0             0             
Jakarta           0             15            93            37            63            -             140           0             30            0             39            62            0             62            273           0             109           20            0             0             
Jebel Ali         0             21            421           170           35            57            -             0             46            0             70            139           0             210           408           0             216           194           0             0             
Kaohsiung         222           10            53            62            14            8             56            -             9             314           72            43            72            80            168           60            46            35            82            24            
Laem Chabang      0             10            54            37            22            66            79            0             -             0             21            61            0             65            249           0             183           26            0             0             
Los Angeles       318           0             55            0             0             0             0             151           0             -             0             0             194           0             459           207           79            0             119           124           
New Jersey        70            314           211           201           18            16            104           47            14            0             -             99            43            264           227           180           81            75            32            0             
Piraeus           0             76            194           67            20            26            417           0             17            0             119           -             0             255           207           0             85            160           0             0             
Qingdao           221           26            75            60            14            22            73            113           14            410           75            78            -             93            163           55            62            49            99            4             
Rotterdam         0             98            377           120           37            32            593           0             32            0             281           96            0             -             286           0             150           267           0             0             
Shanghai          587           65            262           237           56            89            267           155           63            483           282           234           457           226           -             182           273           128           349           92            
Shenzhen          321           52            284           257           66            93            377           168           58            175           302           243           67            381           128           -             323           98            65            8             
Singapore         0             37            283           111           70            173           376           0             82            0             111           125           0             228           1031          0             -             114           0             0             
Tanger Med        0             77            204           96            29            38            340           0             27            0             77            86            0             162           160           0             141           -             0             0             
Tianjin           153           17            69            67            8             4             88            45            9             136           58            72            62            97            131           52            76            40            -             6             
Xiamen            153           16            116           97            10            15            123           98            18            127           98            121           53            128           101           354           107           42            5             -             


============================================================
Service Route Capacity and Utilization Statistics
============================================================
Route     Name                                Avg Capacity TEU     Avg Carried TEU    Utilization
-------------------------------------------------------------------------------------------------
S1        Asia-Europe-NorthEurope                      164,045              16,776         10.23%
S2        Intra-EastAsia                                12,773                 310          2.42%
S3        SEA-Feeder                                     6,966                 244          3.51%
S4        Transpacific-WestCoast                       114,570               5,745          5.01%
S5        Asia-US-East                                 109,089               3,995          3.66%
S6        Transatlantic-SouthConnector                  22,784                 861          3.78%
S7        IndianOcean-MiddleEast                         7,431                 466          6.27%
-------------------------------------------------------------------------------------------------
TOTAL                                                  437,660              28,397          6.49%


============================================================
Vessel Statistics
============================================================
Metric                                            Average Count
---------------------------------------------------------------
Average vessels sailing                                   34.18
Average vessels waiting for berth at port                  0.24
Average vessels being served at berth                      1.76
---------------------------------------------------------------
TOTAL average active/port vessels                         36.18


Period Result Output: Period 6 (Days 26-30)
Output Simulation Day: 30
Simulation Running Time: 00:08:57

Simulation Progress: Day 35 / 100
Simulation Clock Time: 0001-03-27 00:00:00


============================================================
Shipment Waiting for Loading Statistics
============================================================

TEUs by Demand Matrix
------------------------------------------------------------
Origin Dest       Busan         Cartagena     Colombo       Hamburg       Ho Chi Minh CityJakarta       Jebel Ali     Kaohsiung     Laem Chabang  Los Angeles   New Jersey    Piraeus       Qingdao       Rotterdam     Shanghai      Shenzhen      Singapore     Tanger Med    Tianjin       Xiamen        
----------------------------------------------------------------------------------------------------------------------------------------------------------------------------------------------------------------------------------------------------------------------------------------------------------
Busan             -             2             13            12            3             2             23            61            2             47            18            11            17            20            44            21            16            9             15            12            
Cartagena         3             -             6             10            2             3             7             0             1             8             39            9             4             18            11            10            5             15            3             2             
Colombo           106           6             -             17            11            21            109           75            12            66            21            14            106           34            310           342           68            15            24            86            
Hamburg           8             14            16            -             2             2             29            5             3             5             36            18            7             36            17            23            11            21            2             6             
Ho Chi Minh City  3             1             5             3             -             6             12            1             5             5             2             2             3             6             9             9             17            3             1             2             
Jakarta           4             1             9             4             6             -             14            1             2             7             4             6             3             7             14            15            13            4             2             3             
Jebel Ali         73            7             102           20            10            13            -             55            13            74            23            18            62            32            156           166           55            28            11            61            
Kaohsiung         26            2             5             10            2             2             7             -             1             41            8             5             8             8             17            10            7             4             9             5             
Laem Chabang      2             2             6             3             2             8             7             1             -             6             4             4             2             5             11            11            16            2             2             2             
Los Angeles       25            7             7             4             2             2             13            13            3             -             27            4             20            10            47            29            9             4             7             11            
New Jersey        7             53            15            42            2             1             15            3             2             21            -             16            6             42            22            18            6             10            2             6             
Piraeus           5             9             18            9             1             2             26            4             2             5             17            -             5             30            16            16            8             22            1             5             
Qingdao           12            3             11            10            3             4             15            12            2             51            11            8             -             11            28            10            13            7             5             1             
Rotterdam         8             20            30            14            4             3             46            6             1             9             72            14            8             -             33            28            14            39            4             12            
Shanghai          274           9             26            27            6             12            31            17            9             67            57            25            207           29            -             20            29            11            155           11            
Shenzhen          38            11            29            30            10            11            46            19            8             25            58            26            8             49            16            -             44            15            7             2             
Singapore         146           7             57            16            7             20            88            114           8             281           20            16            155           24            559           460           -             14            45            149           
Tanger Med        6             15            17            12            3             3             24            3             2             4             14            13            6             21            16            13            8             -             2             3             
Tianjin           7             2             9             8             2             1             14            6             1             22            11            8             7             14            25            7             11            3             -             0             
Xiamen            17            3             13            14            3             3             17            14            2             16            15            11            5             15            11            39            18            7             1             -             

Port-Level Shipment Waiting and Vessel Queue Statistics

Port                       Origin Waiting TEU   Transshipment Waiting TEU   Total Waiting TEU   Vessels Waiting
---------------------------------------------------------------------------------------------------------------
Busan                                     348                         285                 633              0.02
Cartagena                                 157                           0                 157              0.00
Colombo                                 1,443                          21               1,464              0.01
Hamburg                                   261                           0                 261              0.00
Ho Chi Minh City                           95                           0                  95              0.05
Jakarta                                   119                           0                 119              0.06
Jebel Ali                                 980                           0                 980              0.00
Kaohsiung                                 175                          45                 220              0.02
Laem Chabang                               95                           0                  95              0.02
Los Angeles                               246                           0                 246              0.00
New Jersey                                289                          97                 386              0.00
Piraeus                                   200                           0                 200              0.00
Qingdao                                   213                          47                 261              0.01
Rotterdam                                 365                           0                 365              0.00
Shanghai                                1,021                       1,499               2,520              0.00
Shenzhen                                  451                         123                 574              0.00
Singapore                               2,184                       1,696               3,879              0.00
Tanger Med                                185                          54                 238              0.00
Tianjin                                   157                           0                 157              0.01
Xiamen                                    223                           0                 223              0.02
---------------------------------------------------------------------------------------------------------------
TOTAL                                   9,208                       3,868              13,076              0.23



============================================================
Shipment Being Transported Statistics
============================================================

Average TEUs in Transition by Demand Matrix
------------------------------------------------------------
Origin Dest       Busan         Cartagena     Colombo       Hamburg       Ho Chi Minh CityJakarta       Jebel Ali     Kaohsiung     Laem Chabang  Los Angeles   New Jersey    Piraeus       Qingdao       Rotterdam     Shanghai      Shenzhen      Singapore     Tanger Med    Tianjin       Xiamen        
----------------------------------------------------------------------------------------------------------------------------------------------------------------------------------------------------------------------------------------------------------------------------------------------------------
Busan             -             34            50            135           11            11            103           64            9             446           248           100           9             210           32            47            45            83            6             24            
Cartagena         27            -             62            33            18            13            72            21            15            75            37            35            41            57            132           124           66            38            15            44            
Colombo           108           34            -             131           16            20            63            83            20            80            96            84            118           226           223           282           33            109           28            78            
Hamburg           138           37            209           -             29            33            326           93            29            86            60            31            92            9             328           355           138           21            36            118           
Ho Chi Minh City  54            11            26            37            -             8             73            33            2             106           35            23            41            63            186           180           17            33            29            32            
Jakarta           66            15            33            47            5             -             82            44            4             135           42            53            64            81            210           250           6             38            27            56            
Jebel Ali         122           28            51            135           17            21            -             102           21            130           78            82            106           183           194           235           46            154           21            95            
Kaohsiung         18            23            29            94            8             12            49            -             4             303           92            53            20            94            49            37            36            36            10            16            
Laem Chabang      56            13            28            39            4             7             50            31            -             106           34            38            40            66            191           190           11            22            21            36            
Los Angeles       351           115           119           113           51            47            206           192           41            -             428           93            277           160           596           347           138           60            140           196           
New Jersey        110           48            184           79            28            27            113           87            28            396           -             46            84            88            330           288           87            20            47            94            
Piraeus           98            43            191           15            23            30            256           74            24            95            69            -             112           48            258           264           91            20            38            79            
Qingdao           110           44            31            99            8             13            59            8             7             437           121           70            -             108           6             17            29            51            69            0             
Rotterdam         177           45            389           4             46            60            459           122           45            151           100           21            155           -             464           458           173           26            73            161           
Shanghai          36            79            63            290           18            40            127           7             23            550           307           212           44            302           -             16            52            138           98            4             
Shenzhen          37            54            56            281           18            31            147           7             16            258           286           198           20            431           46            -             42            114           10            6             
Singapore         96            43            41            126           4             10            111           81            7             213           102           92            114           236           217           236           -             107           34            89            
Tanger Med        98            29            204           11            36            44            246           75            33            75            19            11            74            15            240           211           131           -             30            59            
Tianjin           78            30            27            89            5             5             58            10            4             199           87            66            2             129           10            15            33            45            -             0             
Xiamen            22            25            38            130           8             10            69            7             5             151           135           96            16            173           35            12            40            57            1             -             

Completed TEUs by Demand Matrix
------------------------------------------------------------
Origin Dest       Busan         Cartagena     Colombo       Hamburg       Ho Chi Minh CityJakarta       Jebel Ali     Kaohsiung     Laem Chabang  Los Angeles   New Jersey    Piraeus       Qingdao       Rotterdam     Shanghai      Shenzhen      Singapore     Tanger Med    Tianjin       Xiamen        
----------------------------------------------------------------------------------------------------------------------------------------------------------------------------------------------------------------------------------------------------------------------------------------------------------
Busan             -             23            155           101           25            25            206           568           23            541           211           87            206           180           403           208           134           71            118           137           
Cartagena         15            -             46            65            11            3             75            14            7             0             378           56            19            122           84            74            45            82            6             24            
Colombo           221           32            -             173           71            77            449           0             81            0             164           165           230           287           741           732           416           162           0             184           
Hamburg           83            93            238           -             22            29            504           0             24            0             231           168           53            336           279           230           135           222           0             55            
Ho Chi Minh City  60            8             91            40            -             61            98            0             63            0             44            32            41            65            250           204           188           35            0             33            
Jakarta           74            15            125           44            67            -             140           0             36            0             45            62            68            75            310           311           146           27            0             63            
Jebel Ali         187           21            421           197           56            57            -             0             63            0             70            139           158           268           455           421           300           259           0             161           
Kaohsiung         222           10            53            62            17            15            65            -             10            384           72            43            92            80            168           82            64            35            82            34            
Laem Chabang      58            10            87            44            27            79            79            0             -             0             27            61            41            82            263           225           185           30            0             40            
Los Angeles       375           0             55            0             28            27            93            151           16            -             0             0             248           0             560           238           100           0             119           151           
New Jersey        70            372           211           201           18            21            136           47            18            0             -             99            43            264           275           213           94            75            32            49            
Piraeus           66            90            238           82            23            30            473           0             21            0             158           -             65            298           232           207           100           216           0             56            
Qingdao           247           26            75            88            21            27            106           113           18            503           107           78            -             114           205           72            85            55            99            4             
Rotterdam         112           118           435           147           40            46            695           0             39            0             394           130           92            -             349           277           173           353           0             83            
Shanghai          627           65            262           280           72            118           346           155           84            638           369           234           484           293           -             219           318           156           349           112           
Shenzhen          321           52            284           323           85            122           499           212           74            252           360           243           82            449           128           -             410           131           65            11            
Singapore         260           37            399           145           89            217           376           0             94            0             138           125           291           275           1135          851           -             138           0             284           
Tanger Med        60            93            241           113           30            45            398           0             30            0             96            122           44            198           192           140           149           -             0             44            
Tianjin           168           17            69            86            12            9             116           45            10            193           71            72            62            117           196           69            104           55            -             7             
Xiamen            153           16            116           124           17            22            160           127           20            149           126           121           61            173           101           444           162           57            5             -             


============================================================
Service Route Capacity and Utilization Statistics
============================================================
Route     Name                                Avg Capacity TEU     Avg Carried TEU    Utilization
-------------------------------------------------------------------------------------------------
S1        Asia-Europe-NorthEurope                      167,246              16,291          9.74%
S2        Intra-EastAsia                                12,813                 342          2.67%
S3        SEA-Feeder                                     6,935                 245          3.53%
S4        Transpacific-WestCoast                       116,110               5,731          4.94%
S5        Asia-US-East                                 109,889               3,954          3.60%
S6        Transatlantic-SouthConnector                  22,829                 878          3.84%
S7        IndianOcean-MiddleEast                         7,399                 478          6.47%
-------------------------------------------------------------------------------------------------
TOTAL                                                  443,222              27,918          6.30%


============================================================
Vessel Statistics
============================================================
Metric                                            Average Count
---------------------------------------------------------------
Average vessels sailing                                   34.53
Average vessels waiting for berth at port                  0.23
Average vessels being served at berth                      1.81
---------------------------------------------------------------
TOTAL average active/port vessels                         36.58


Period Result Output: Period 7 (Days 31-35)
Output Simulation Day: 35
Simulation Running Time: 00:09:58

Simulation Progress: Day 40 / 100
Simulation Clock Time: 0001-04-01 00:00:00


============================================================
Shipment Waiting for Loading Statistics
============================================================

TEUs by Demand Matrix
------------------------------------------------------------
Origin Dest       Busan         Cartagena     Colombo       Hamburg       Ho Chi Minh CityJakarta       Jebel Ali     Kaohsiung     Laem Chabang  Los Angeles   New Jersey    Piraeus       Qingdao       Rotterdam     Shanghai      Shenzhen      Singapore     Tanger Med    Tianjin       Xiamen        
----------------------------------------------------------------------------------------------------------------------------------------------------------------------------------------------------------------------------------------------------------------------------------------------------------
Busan             -             2             13            12            2             2             24            62            2             47            18            11            19            20            43            22            17            9             14            13            
Cartagena         3             -             6             10            2             3             7             0             1             8             39            8             4             18            11            9             5             15            3             2             
Colombo           95            6             -             17            11            23            104           67            13            59            22            14            93            34            276           304           71            16            22            77            
Hamburg           7             16            16            -             2             2             29            5             2             5             39            18            7             36            18            21            10            22            2             6             
Ho Chi Minh City  3             1             6             4             -             6             11            2             5             5             2             2             2             6             9             9             18            3             1             1             
Jakarta           3             1             9             4             5             -             13            1             3             8             4             5             3             7             15            15            13            4             1             3             
Jebel Ali         65            7             100           21            10            13            -             49            13            66            23            18            55            33            139           148           54            28            10            54            
Kaohsiung         28            2             5             9             2             2             7             -             1             42            8             5             8             7             18            10            7             4             9             5             
Laem Chabang      2             2             6             3             2             7             7             1             -             5             3             4             2             5             11            11            15            2             2             2             
Los Angeles       27            8             7             4             3             3             14            13            2             -             27            4             21            10            47            29            9             4             8             11            
New Jersey        7             53            16            39            2             1             15            4             2             21            -             16            6             40            24            18            6             10            2             6             
Piraeus           6             9             18            8             1             2             26            4             2             5             16            -             5             28            16            16            8             20            2             5             
Qingdao           12            3             11            9             2             4             15            11            3             52            11            7             -             11            28            11            12            7             5             1             
Rotterdam         7             24            29            15            4             3             44            7             2             8             82            14            8             -             33            29            13            37            4             11            
Shanghai          243           9             25            26            6             11            30            16            9             66            52            25            184           29            -             21            29            11            138           11            
Shenzhen          37            10            29            29            9             10            46            19            8             27            53            25            8             48            18            -             43            15            7             2             
Singapore         130           7             55            16            8             20            91            100           9             250           20            14            136           23            493           408           -             13            40            132           
Tanger Med        6             17            16            12            3             2             23            3             2             4             16            13            6             20            16            13            8             -             2             3             
Tianjin           7             2             9             8             2             1             13            5             1             21            10            7             7             14            24            6             11            3             -             0             
Xiamen            18            3             14            15            3             3             19            15            2             17            17            11            5             15            11            42            20            8             1             -             

Port-Level Shipment Waiting and Vessel Queue Statistics

Port                       Origin Waiting TEU   Transshipment Waiting TEU   Total Waiting TEU   Vessels Waiting
---------------------------------------------------------------------------------------------------------------
Busan                                     352                         281                 633              0.02
Cartagena                                 153                           0                 153              0.00
Colombo                                 1,325                          19               1,344              0.01
Hamburg                                   265                           0                 265              0.00
Ho Chi Minh City                           97                           0                  97              0.05
Jakarta                                   119                           0                 119              0.06
Jebel Ali                                 908                           0                 908              0.00
Kaohsiung                                 179                          45                 223              0.02
Laem Chabang                               92                           0                  92              0.02
Los Angeles                               251                           0                 251              0.00
New Jersey                                288                          93                 381              0.00
Piraeus                                   197                           0                 197              0.00
Qingdao                                   213                          45                 259              0.01
Rotterdam                                 373                           0                 373              0.00
Shanghai                                  940                       1,445               2,385              0.00
Shenzhen                                  444                         109                 553              0.00
Singapore                               1,964                       1,539               3,503              0.00
Tanger Med                                185                          58                 243              0.00
Tianjin                                   152                           0                 152              0.01
Xiamen                                    237                           0                 237              0.02
---------------------------------------------------------------------------------------------------------------
TOTAL                                   8,734                       3,634              12,368              0.22



============================================================
Shipment Being Transported Statistics
============================================================

Average TEUs in Transition by Demand Matrix
------------------------------------------------------------
Origin Dest       Busan         Cartagena     Colombo       Hamburg       Ho Chi Minh CityJakarta       Jebel Ali     Kaohsiung     Laem Chabang  Los Angeles   New Jersey    Piraeus       Qingdao       Rotterdam     Shanghai      Shenzhen      Singapore     Tanger Med    Tianjin       Xiamen        
----------------------------------------------------------------------------------------------------------------------------------------------------------------------------------------------------------------------------------------------------------------------------------------------------------
Busan             -             34            51            136           11            12            106           64            9             441           244           102           8             211           32            48            47            84            7             24            
Cartagena         27            -             62            34            18            14            71            19            15            80            37            37            41            59            130           122           66            37            16            42            
Colombo           103           34            -             129           14            20            66            85            17            94            94            83            109           228           206           256           29            108           29            72            
Hamburg           134           35            201           -             28            32            311           93            27            89            55            30            90            8             312           343           134           21            36            116           
Ho Chi Minh City  49            12            25            37            -             8             72            32            2             110           35            23            38            63            167           162           17            33            28            29            
Jakarta           60            15            32            47            5             -             82            42            4             142           42            55            57            81            191           224           7             39            26            51            
Jebel Ali         117           29            57            134           16            22            -             103           20            146           83            81            100           183           177           216           46            152           22            89            
Kaohsiung         16            24            29            95            9             11            49            -             5             308           93            53            19            94            49            37            35            37            9             17            
Laem Chabang      50            14            27            38            4             7             49            29            -             111           35            37            36            65            172           171           11            22            21            32            
Los Angeles       338           120           117           116           49            45            203           185           40            -             447           97            270           167           580           341           134           62            132           190           
New Jersey        109           47            178           86            27            25            111           84            28            411           -             50            83            93            317           278           83            19            45            92            
Piraeus           94            43            183           15            22            29            243           72            23            99            68            -             107           50            247           251           88            21            37            76            
Qingdao           99            43            33            98            9             14            62            8             8             441           119           69            -             107           7             18            30            51            62            0             
Rotterdam         168           42            375           3             45            58            444           123           42            157           89            23            150           -             454           443           168           26            72            160           
Shanghai          33            78            64            293           20            39            130           8             24            552           308           211           40            304           -             16            53            136           89            4             
Shenzhen          33            56            58            278           20            30            149           6             17            254           295           197           19            431           45            -             44            116           9             6             
Singapore         93            43            36            128           4             11            110           87            7             265           103           91            104           233           200           215           -             105           36            84            
Tanger Med        96            27            195           11            35            42            234           74            31            78            16            12            72            14            231           203           124           -             30            56            
Tianjin           69            30            28            87            6             5             60            11            4             199           88            65            2             130           11            14            33            44            -             0             
Xiamen            20            25            38            129           9             11            72            6             6             150           134           93            15            171           34            12            38            57            1             -             

Completed TEUs by Demand Matrix
------------------------------------------------------------
Origin Dest       Busan         Cartagena     Colombo       Hamburg       Ho Chi Minh CityJakarta       Jebel Ali     Kaohsiung     Laem Chabang  Los Angeles   New Jersey    Piraeus       Qingdao       Rotterdam     Shanghai      Shenzhen      Singapore     Tanger Med    Tianjin       Xiamen        
----------------------------------------------------------------------------------------------------------------------------------------------------------------------------------------------------------------------------------------------------------------------------------------------------------
Busan             -             35            166           101           25            28            206           676           23            644           211           112           206           180           513           257           158           88            157           160           
Cartagena         18            -             64            93            11            3             75            16            7             0             378           56            19            171           84            74            45            129           6             31            
Colombo           250           51            -             173           71            113           612           176           81            0             164           197           230           287           814           786           416           188           54            198           
Hamburg           94            111           268           -             22            30            504           64            24            0             231           168           53            336           301           269           135           262           16            76            
Ho Chi Minh City  64            12            91            40            -             71            180           35            63            0             44            38            41            65            269           225           223           41            27            40            
Jakarta           83            19            125           44            67            -             220           50            36            0             45            66            68            75            351           341           184           35            28            73            
Jebel Ali         217           21            421           197           56            82            -             169           63            0             70            194           158           268           479           484           300           315           28            185           
Kaohsiung         278           14            61            62            17            19            65            -             10            469           72            54            92            80            202           82            64            39            100           40            
Laem Chabang      63            12            87            44            27            90            137           33            -             0             27            68            41            82            282           249           216           35            21            43            
Los Angeles       413           0             72            0             28            34            93            176           16            -             0             0             248           0             658           284           114           0             128           177           
New Jersey        101           453           244           323           18            27            136           62            18            0             -             99            43            365           310           253           94            100           32            70            
Piraeus           79            100           284           82            23            34            473           54            21            0             158           -             65            298           261           231           100           258           26            63            
Qingdao           248           46            95            88            21            33            106           129           18            617           107           94            -             114           261           99            124           72            103           4             
Rotterdam         126           147           506           147           40            56            695           84            39            0             394           130           92            -             398           347           173           409           44            103           
Shanghai          669           104           309           280           72            138           346           188           84            822           369           279           484           293           -             262           380           176           394           134           
Shenzhen          410           68            351           323           85            141           499           212           74            316           360           293           82            449           166           -             489           151           79            15            
Singapore         303           53            399           145           89            266           573           219           94            0             138           155           291           275           1229          951           -             170           80            313           
Tanger Med        71            115           286           113           30            46            398           59            30            0             96            122           44            198           215           155           149           -             16            50            
Tianjin           168           26            88            86            12            11            116           56            10            237           71            85            79            117           243           81            127           62            -             7             
Xiamen            196           23            141           124           17            31            160           127           20            178           126           143           61            173           124           444           189           69            6             -             


============================================================
Service Route Capacity and Utilization Statistics
============================================================
Route     Name                                Avg Capacity TEU     Avg Carried TEU    Utilization
-------------------------------------------------------------------------------------------------
S1        Asia-Europe-NorthEurope                      170,302              15,960          9.37%
S2        Intra-EastAsia                                12,746                 338          2.65%
S3        SEA-Feeder                                     6,973                 247          3.54%
S4        Transpacific-WestCoast                       117,226               5,823          4.97%
S5        Asia-US-East                                 110,594               3,955          3.58%
S6        Transatlantic-SouthConnector                  22,797                 864          3.79%
S7        IndianOcean-MiddleEast                         7,413                 477          6.43%
-------------------------------------------------------------------------------------------------
TOTAL                                                  448,049              27,664          6.17%


============================================================
Vessel Statistics
============================================================
Metric                                            Average Count
---------------------------------------------------------------
Average vessels sailing                                   34.85
Average vessels waiting for berth at port                  0.22
Average vessels being served at berth                      1.82
---------------------------------------------------------------
TOTAL average active/port vessels                         36.88


Period Result Output: Period 8 (Days 36-40)
Output Simulation Day: 40
Simulation Running Time: 00:10:49

Simulation Progress: Day 45 / 100
Simulation Clock Time: 0001-04-06 00:00:00


============================================================
Shipment Waiting for Loading Statistics
============================================================

TEUs by Demand Matrix
------------------------------------------------------------
Origin Dest       Busan         Cartagena     Colombo       Hamburg       Ho Chi Minh CityJakarta       Jebel Ali     Kaohsiung     Laem Chabang  Los Angeles   New Jersey    Piraeus       Qingdao       Rotterdam     Shanghai      Shenzhen      Singapore     Tanger Med    Tianjin       Xiamen        
----------------------------------------------------------------------------------------------------------------------------------------------------------------------------------------------------------------------------------------------------------------------------------------------------------
Busan             -             3             12            13            3             2             25            62            2             46            18            11            19            20            42            22            18            8             13            13            
Cartagena         3             -             6             10            2             3             7             0             1             8             38            8             3             18            11            9             6             17            3             2             
Colombo           86            6             -             16            11            22            107           60            13            53            21            14            86            32            252           275           69            15            19            70            
Hamburg           7             15            16            -             2             2             29            5             2             5             36            17            7             34            19            21            10            22            2             6             
Ho Chi Minh City  3             1             6             3             -             6             11            2             5             5             3             2             2             6             9             9             17            3             1             1             
Jakarta           3             1             10            4             5             -             14            2             3             8             4             6             3             7             15            16            13            4             2             3             
Jebel Ali         59            7             101           21            9             12            -             45            13            59            23            18            50            33            126           134           52            27            9             49            
Kaohsiung         28            2             5             9             2             2             7             -             1             42            8             5             8             7             18            9             6             4             9             5             
Laem Chabang      2             2             6             3             2             7             7             1             -             5             3             3             2             5             11            10            15            2             2             2             
Los Angeles       28            8             7             4             3             3             14            13            2             -             27            5             23            10            47            29            9             4             8             11            
New Jersey        6             61            15            37            2             1             14            4             2             20            -             16            6             38            23            17            6             10            2             6             
Piraeus           5             8             17            8             1             2             24            4             2             5             15            -             5             28            16            15            7             20            2             5             
Qingdao           12            3             11            9             2             4             16            11            3             52            10            8             -             11            27            11            14            7             5             1             
Rotterdam         7             23            28            14            4             3             43            7             2             8             76            14            8             -             32            29            13            36            4             11            
Shanghai          220           10            24            26            6             11            31            17            8             66            52            25            166           28            -             20            30            11            124           11            
Shenzhen          36            9             28            28            9             10            45            19            8             26            51            25            8             45            17            -             41            15            7             2             
Singapore         117           7             57            15            7             19            100           90            9             226           19            14            122           22            442           368           -             12            35            118           
Tanger Med        5             17            17            13            3             3             24            3             2             5             16            13            6             21            17            14            8             -             2             3             
Tianjin           7             2             9             8             2             1             14            6             2             22            11            8             9             14            23            7             10            3             -             0             
Xiamen            17            3             14            14            3             3             18            14            2             17            17            11            5             15            10            42            19            8             1             -             

Port-Level Shipment Waiting and Vessel Queue Statistics

Port                       Origin Waiting TEU   Transshipment Waiting TEU   Total Waiting TEU   Vessels Waiting
---------------------------------------------------------------------------------------------------------------
Busan                                     351                         269                 620              0.02
Cartagena                                 155                           0                 155              0.00
Colombo                                 1,230                          20               1,250              0.01
Hamburg                                   258                           0                 258              0.00
Ho Chi Minh City                           95                           0                  95              0.05
Jakarta                                   121                           0                 121              0.06
Jebel Ali                                 847                           0                 847              0.00
Kaohsiung                                 176                          43                 219              0.02
Laem Chabang                               90                           0                  90              0.02
Los Angeles                               254                           0                 254              0.00
New Jersey                                287                         101                 388              0.00
Piraeus                                   190                           0                 190              0.00
Qingdao                                   218                          45                 264              0.01
Rotterdam                                 360                           0                 360              0.00
Shanghai                                  887                       1,389               2,275              0.00
Shenzhen                                  429                         105                 534              0.00
Singapore                               1,800                       1,421               3,221              0.00
Tanger Med                                191                          61                 251              0.00
Tianjin                                   157                           0                 157              0.01
Xiamen                                    233                           0                 233              0.02
---------------------------------------------------------------------------------------------------------------
TOTAL                                   8,330                       3,453              11,783              0.22



============================================================
Shipment Being Transported Statistics
============================================================

Average TEUs in Transition by Demand Matrix
------------------------------------------------------------
Origin Dest       Busan         Cartagena     Colombo       Hamburg       Ho Chi Minh CityJakarta       Jebel Ali     Kaohsiung     Laem Chabang  Los Angeles   New Jersey    Piraeus       Qingdao       Rotterdam     Shanghai      Shenzhen      Singapore     Tanger Med    Tianjin       Xiamen        
----------------------------------------------------------------------------------------------------------------------------------------------------------------------------------------------------------------------------------------------------------------------------------------------------------
Busan             -             33            50            138           11            13            111           66            9             438           238           104           8             211           31            48            51            84            7             25            
Cartagena         27            -             61            33            18            15            69            18            15            85            35            36            41            57            129           122           65            35            16            40            
Colombo           98            34            -             129           14            22            58            78            18            106           96            84            101           228           190           236           36            109           28            68            
Hamburg           130           36            197           -             28            32            299           90            26            92            60            30            89            8             303           333           132           22            36            113           
Ho Chi Minh City  45            12            26            36            -             8             69            30            2             114           35            23            36            64            153           148           18            33            27            27            
Jakarta           55            16            33            47            5             -             79            38            4             148           42            57            52            80            176           204           6             40            25            47            
Jebel Ali         111           30            58            134           17            23            -             96            21            159           85            80            95            182           165           200           51            150           22            83            
Kaohsiung         18            24            29            97            9             11            49            -             5             312           93            53            18            94            49            37            35            38            10            17            
Laem Chabang      46            14            27            38            4             8             46            27            -             116           35            37            34            64            157           157           11            22            20            30            
Los Angeles       330           124           114           119           47            45            201           180           39            -             466           100           265           173           565           333           130           65            126           184           
New Jersey        106           42            173           84            27            24            111           82            27            428           -             51            81            91            310           270           81            20            44            90            
Piraeus           90            42            176           15            22            28            234           69            23            103           69            -             102           48            239           241           86            21            35            74            
Qingdao           91            41            33            97            8             15            64            8             8             445           116           69            -             107           6             16            29            51            57            0             
Rotterdam         161           45            363           4             45            55            433           119           40            162           100           22            145           -             447           431           163           27            70            158           
Shanghai          29            75            62            292           19            38            131           8             23            549           306           209           36            304           -             15            52            135           83            4             
Shenzhen          33            57            59            275           18            29            150           6             18            251           297           198           19            429           47            -             45            120           10            7             
Singapore         89            43            33            129           4             11            99            80            7             311           103           90            95            230           185           201           -             103           35            78            
Tanger Med        93            27            187           10            34            41            223           69            30            80            17            12            71            13            224           197           118           -             30            53            
Tianjin           63            29            28            85            6             5             61            10            4             196           87            66            2             129           10            13            31            42            -             0             
Xiamen            20            26            39            129           9             11            76            7             6             150           135           93            15            166           33            11            39            57            1             -             

Completed TEUs by Demand Matrix
------------------------------------------------------------
Origin Dest       Busan         Cartagena     Colombo       Hamburg       Ho Chi Minh CityJakarta       Jebel Ali     Kaohsiung     Laem Chabang  Los Angeles   New Jersey    Piraeus       Qingdao       Rotterdam     Shanghai      Shenzhen      Singapore     Tanger Med    Tianjin       Xiamen        
----------------------------------------------------------------------------------------------------------------------------------------------------------------------------------------------------------------------------------------------------------------------------------------------------------
Busan             -             35            183           124           33            37            223           803           26            644           261           137           251           214           570           300           199           88            178           160           
Cartagena         18            -             64            108           11            7             88            16            7             0             452           86            26            188           84            74            67            145           8             31            
Colombo           250           51            -             209           71            113           612           185           81            0             182           219           251           357           814           832           416           188           61            198           
Hamburg           94            111           268           -             22            37            562           72            24            0             231           192           65            398           301           293           154           315           22            76            
Ho Chi Minh City  64            12            91            47            -             82            180           41            73            0             50            44            47            81            269           242           270           41            30            40            
Jakarta           83            19            125           51            72            -             220           54            43            0             56            83            71            94            351           370           184           35            31            73            
Jebel Ali         217           21            611           247           56            82            -             181           63            0             109           228           180           334           479           519           300           315           35            185           
Kaohsiung         355           14            61            74            21            19            79            -             11            469           82            68            103           94            242           105           83            39            115           40            
Laem Chabang      63            12            87            51            31            105           137           35            -             0             35            76            45            92            282           264           258           35            22            43            
Los Angeles       413           0             90            0             41            38            122           200           25            -             0             0             280           0             658           345           129           0             139           177           
New Jersey        101           453           244           360           22            30            153           77            24            0             -             147           68            419           310           253           109           113           46            70            
Piraeus           79            100           284           99            24            39            519           66            24            0             158           -             87            356           261           254           116           258           31            63            
Qingdao           248           46            123           106           29            47            135           146           27            617           131           94            -             126           261           130           151           72            104           4             
Rotterdam         126           147           506           179           41            65            775           96            44            0             394           164           110           -             398           399           203           480           53            103           
Shanghai          669           104           353           352           99            160           419           224           110           822           426           349           530           349           -             310           438           176           429           134           
Shenzhen          456           68            397           373           117           154           594           250           98            316           432           343           96            562           195           -             563           151           93            15            
Singapore         303           53            399           177           105           303           573           239           118           0             173           179           316           329           1229          1011          -             170           96            313           
Tanger Med        71            115           286           140           34            53            455           64            32            0             96            150           50            226           215           180           170           -             20            50            
Tianjin           168           26            108           99            19            13            147           66            15            237           89            85            79            144           243           95            147           62            -             7             
Xiamen            231           23            164           147           30            40            198           159           27            178           151           143           70            223           147           532           249           69            7             -             


============================================================
Service Route Capacity and Utilization Statistics
============================================================
Route     Name                                Avg Capacity TEU     Avg Carried TEU    Utilization
-------------------------------------------------------------------------------------------------
S1        Asia-Europe-NorthEurope                      172,384              15,687          9.10%
S2        Intra-EastAsia                                12,774                 333          2.61%
S3        SEA-Feeder                                     6,959                 249          3.57%
S4        Transpacific-WestCoast                       118,445               5,954          5.03%
S5        Asia-US-East                                 111,081               3,939          3.55%
S6        Transatlantic-SouthConnector                  22,768                 860          3.78%
S7        IndianOcean-MiddleEast                         7,411                 465          6.28%
-------------------------------------------------------------------------------------------------
TOTAL                                                  451,822              27,487          6.08%


============================================================
Vessel Statistics
============================================================
Metric                                            Average Count
---------------------------------------------------------------
Average vessels sailing                                   35.09
Average vessels waiting for berth at port                  0.22
Average vessels being served at berth                      1.81
---------------------------------------------------------------
TOTAL average active/port vessels                         37.12


Period Result Output: Period 9 (Days 41-45)
Output Simulation Day: 45
Simulation Running Time: 00:11:20

Simulation Progress: Day 50 / 100
Simulation Clock Time: 0001-04-11 00:00:00


============================================================
Shipment Waiting for Loading Statistics
============================================================

TEUs by Demand Matrix
------------------------------------------------------------
Origin Dest       Busan         Cartagena     Colombo       Hamburg       Ho Chi Minh CityJakarta       Jebel Ali     Kaohsiung     Laem Chabang  Los Angeles   New Jersey    Piraeus       Qingdao       Rotterdam     Shanghai      Shenzhen      Singapore     Tanger Med    Tianjin       Xiamen        
----------------------------------------------------------------------------------------------------------------------------------------------------------------------------------------------------------------------------------------------------------------------------------------------------------
Busan             -             3             12            13            3             2             26            62            2             48            18            11            18            20            43            22            19            8             13            13            
Cartagena         3             -             7             12            2             3             7             0             1             9             43            9             3             21            12            10            6             20            3             2             
Colombo           79            5             -             16            11            21            109           55            12            49            21            14            78            31            230           250           67            15            18            64            
Hamburg           7             14            17            -             2             2             31            6             2             5             35            18            7             35            19            22            10            22            2             6             
Ho Chi Minh City  3             1             6             3             -             6             11            2             5             5             3             2             2             6             10            9             17            3             1             1             
Jakarta           3             1             9             4             5             -             13            2             3             8             4             6             3             7             14            15            13            4             1             3             
Jebel Ali         54            7             110           20            9             13            -             41            14            54            24            17            45            32            116           122           53            26            8             45            
Kaohsiung         29            2             5             9             2             2             7             -             1             41            8             5             8             8             19            9             6             3             9             5             
Laem Chabang      2             1             5             3             2             7             7             1             -             5             3             4             2             5             11            11            15            2             2             1             
Los Angeles       29            8             7             4             3             3             14            13            3             -             27            5             23            10            45            29            8             4             8             12            
New Jersey        7             67            18            39            3             1             14            4             2             23            -             16            7             41            27            19            7             11            2             6             
Piraeus           6             8             16            9             1             2             24            4             2             5             15            -             4             27            16            15            8             20            2             5             
Qingdao           12            3             11            9             2             3             16            11            2             55            10            8             -             10            26            11            13            7             5             1             
Rotterdam         8             21            29            15            4             4             42            7             2             9             72            14            8             -             32            31            14            38            4             10            
Shanghai          201           10            24            25            6             10            31            18            8             68            51            25            151           27            -             20            30            11            113           11            
Shenzhen          36            10            28            29            9             11            46            19            8             26            52            26            8             44            18            -             39            16            7             2             
Singapore         107           7             53            16            8             20            93            82            9             208           19            14            111           21            403           337           -             12            32            108           
Tanger Med        5             16            17            13            3             3             23            3             2             5             15            13            6             21            18            13            8             -             2             3             
Tianjin           7             2             8             8             2             1             13            5             2             21            10            7             9             13            22            6             10            3             -             0             
Xiamen            17            3             14            14            3             3             18            14            2             17            17            11            5             16            10            43            19            7             1             -             

Port-Level Shipment Waiting and Vessel Queue Statistics

Port                       Origin Waiting TEU   Transshipment Waiting TEU   Total Waiting TEU   Vessels Waiting
---------------------------------------------------------------------------------------------------------------
Busan                                     356                         259                 616              0.02
Cartagena                                 173                           0                 173              0.00
Colombo                                 1,146                          18               1,164              0.01
Hamburg                                   263                           0                 263              0.00
Ho Chi Minh City                           96                           0                  96              0.05
Jakarta                                   117                           0                 117              0.05
Jebel Ali                                 809                           0                 809              0.00
Kaohsiung                                 179                          40                 219              0.02
Laem Chabang                               90                           0                  90              0.02
Los Angeles                               253                           0                 253              0.00
New Jersey                                312                         107                 420              0.00
Piraeus                                   188                           0                 188              0.00
Qingdao                                   215                          46                 261              0.01
Rotterdam                                 361                           0                 361              0.00
Shanghai                                  840                       1,381               2,221              0.00
Shenzhen                                  434                         107                 541              0.00
Singapore                               1,658                       1,322               2,981              0.00
Tanger Med                                190                          58                 248              0.00
Tianjin                                   152                           0                 152              0.01
Xiamen                                    234                           0                 234              0.02
---------------------------------------------------------------------------------------------------------------
TOTAL                                   8,066                       3,339              11,405              0.22



============================================================
Shipment Being Transported Statistics
============================================================

Average TEUs in Transition by Demand Matrix
------------------------------------------------------------
Origin Dest       Busan         Cartagena     Colombo       Hamburg       Ho Chi Minh CityJakarta       Jebel Ali     Kaohsiung     Laem Chabang  Los Angeles   New Jersey    Piraeus       Qingdao       Rotterdam     Shanghai      Shenzhen      Singapore     Tanger Med    Tianjin       Xiamen        
----------------------------------------------------------------------------------------------------------------------------------------------------------------------------------------------------------------------------------------------------------------------------------------------------------
Busan             -             34            50            140           10            13            115           68            9             437           237           106           8             211           33            48            53            84            6             25            
Cartagena         27            -             60            32            18            15            67            17            14            89            32            34            41            55            126           121           64            33            16            39            
Colombo           94            34            -             129           14            24            60            73            18            116           99            86            97            229           182           223           33            109           26            66            
Hamburg           126           37            192           -             27            31            288           88            26            96            63            30            88            8             294           325           131           21            36            112           
Ho Chi Minh City  43            12            27            37            -             8             67            28            2             118           35            23            34            65            143           137           19            32            26            25            
Jakarta           51            16            35            48            4             -             79            35            4             154           42            58            49            78            162           188           6             41            23            44            
Jebel Ali         107           31            52            135           16            23            -             91            21            171           87            82            91            185           157           188           46            148           22            80            
Kaohsiung         18            25            28            98            9             11            49            -             6             314           94            53            18            93            49            36            34            39            9             17            
Laem Chabang      43            15            27            38            4             7             46            25            -             121           35            37            32            64            146           146           12            23            20            27            
Los Angeles       327           129           112           122           46            44            199           176           38            -             485           103           264           179           553           331           127           68            122           179           
New Jersey        103           43            168           82            26            22            110           79            27            442           -             50            80            87            303           263           78            19            41            88            
Piraeus           88            43            169           14            21            27            224           66            22            107           69            -             97            46            232           233           85            20            34            73            
Qingdao           86            41            32            96            8             15            65            8             8             447           116           71            -             108           6             17            30            52            53            0             
Rotterdam         155           49            351           4             44            53            420           116           38            167           109           21            141           -             441           422           159           26            69            156           
Shanghai          28            74            62            291           18            37            128           8             23            542           309           209           35            305           -             15            52            133           77            4             
Shenzhen          32            58            58            273           18            29            150           7             18            248           301           201           19            425           49            -             43            124           10            7             
Singapore         85            43            35            130           4             10            111           74            7             352           104           90            88            226           171           189           -             101           33            73            
Tanger Med        91            29            180           11            34            39            215           65            29            82            20            12            71            14            219           193           114           -             29            51            
Tianjin           58            29            27            85            6             5             61            11            5             195           89            68            2             130           10            13            30            42            -             0             
Xiamen            19            27            38            130           9             11            76            7             6             150           138           94            15            164           33            12            37            58            1             -             

Completed TEUs by Demand Matrix
------------------------------------------------------------
Origin Dest       Busan         Cartagena     Colombo       Hamburg       Ho Chi Minh CityJakarta       Jebel Ali     Kaohsiung     Laem Chabang  Los Angeles   New Jersey    Piraeus       Qingdao       Rotterdam     Shanghai      Shenzhen      Singapore     Tanger Med    Tianjin       Xiamen        
----------------------------------------------------------------------------------------------------------------------------------------------------------------------------------------------------------------------------------------------------------------------------------------------------------
Busan             -             35            212           152           38            37            270           803           31            730           261           163           290           263           685           338           199           101           178           188           
Cartagena         18            -             69            108           15            7             94            16            13            0             452           100           26            188           118           110           72            162           8             31            
Colombo           273           51            -             240           94            113           612           185           110           0             182           250           270           413           882           902           546           220           61            208           
Hamburg           111           111           316           -             29            37            603           72            28            0             323           227           68            460           343           338           172           315           22            94            
Ho Chi Minh City  68            12            125           55            -             82            180           41            85            0             50            47            51            92            288           256           309           54            30            43            
Jakarta           90            19            163           60            80            -             220           54            51            0             56            118           75            109           399           399           206           47            31            79            
Jebel Ali         237           21            611           294           78            82            -             181           92            0             109           262           191           394           519           559           391           370           35            193           
Kaohsiung         355           14            73            97            25            19            79            -             14            566           82            77            116           113           289           124           83            46            115           57            
Laem Chabang      67            12            121           56            41            105           137           35            -             0             35            84            49            104           300           286           289           36            22            46            
Los Angeles       450           0             108           0             44            38            149           200           33            -             0             45            319           0             750           345           129           0             139           231           
New Jersey        101           453           271           360           26            30            177           77            25            0             -             177           68            419           352           283           116           137           46            70            
Piraeus           90            100           316           109           27            39            564           66            25            0             219           -             95            400           288           288           128           296           31            74            
Qingdao           280           46            142           106           34            47            172           146           31            728           131           109           -             126           292           130           151           72            104           6             
Rotterdam         146           147           567           214           49            65            852           96            49            0             570           186           125           -             460           444           227           480           53            124           
Shanghai          735           104           382           413           108           160           489           224           120           976           426           405           575           409           -             338           438           205           429           154           
Shenzhen          456           68            458           439           120           154           663           290           116           375           432           402           113           669           247           -             563           173           93            19            
Singapore         332           53            486           203           120           303           573           239           138           0             173           205           327           377           1325          1117          -             191           96            329           
Tanger Med        80            115           310           165           38            53            484           64            36            0             137           180           59            272           249           210           185           -             20            55            
Tianjin           177           26            122           99            22            13            171           66            18            284           89            104           110           144           279           95            147           62            -             8             
Xiamen            231           23            197           147           38            40            244           188           34            215           151           168           80            223           164           630           249           69            7             -             


============================================================
Service Route Capacity and Utilization Statistics
============================================================
Route     Name                                Avg Capacity TEU     Avg Carried TEU    Utilization
-------------------------------------------------------------------------------------------------
S1        Asia-Europe-NorthEurope                      173,952              15,402          8.85%
S2        Intra-EastAsia                                12,718                 331          2.60%
S3        SEA-Feeder                                     6,975                 254          3.64%
S4        Transpacific-WestCoast                       119,226               6,076          5.10%
S5        Asia-US-East                                 111,504               3,944          3.54%
S6        Transatlantic-SouthConnector                  22,806                 863          3.79%
S7        IndianOcean-MiddleEast                         7,416                 469          6.33%
-------------------------------------------------------------------------------------------------
TOTAL                                                  454,597              27,339          6.01%


============================================================
Vessel Statistics
============================================================
Metric                                            Average Count
---------------------------------------------------------------
Average vessels sailing                                   35.27
Average vessels waiting for berth at port                  0.22
Average vessels being served at berth                      1.82
---------------------------------------------------------------
TOTAL average active/port vessels                         37.31


Period Result Output: Period 10 (Days 46-50)
Output Simulation Day: 50
Simulation Running Time: 00:12:01

Simulation Progress: Day 55 / 100
Simulation Clock Time: 0001-04-16 00:00:00


============================================================
Shipment Waiting for Loading Statistics
============================================================

TEUs by Demand Matrix
------------------------------------------------------------
Origin Dest       Busan         Cartagena     Colombo       Hamburg       Ho Chi Minh CityJakarta       Jebel Ali     Kaohsiung     Laem Chabang  Los Angeles   New Jersey    Piraeus       Qingdao       Rotterdam     Shanghai      Shenzhen      Singapore     Tanger Med    Tianjin       Xiamen        
----------------------------------------------------------------------------------------------------------------------------------------------------------------------------------------------------------------------------------------------------------------------------------------------------------
Busan             -             3             13            14            2             2             26            63            2             50            18            11            18            20            44            23            20            8             12            13            
Cartagena         3             -             7             13            2             3             8             0             1             9             45            10            4             22            13            10            7             21            3             3             
Colombo           73            6             -             16            12            21            105           51            13            45            22            14            72            33            212           230           69            15            16            59            
Hamburg           7             14            17            -             2             2             31            6             2             5             33            18            7             35            19            22            11            21            2             6             
Ho Chi Minh City  3             1             6             3             -             6             11            2             5             5             3             2             3             6             10            9             17            3             1             2             
Jakarta           3             1             9             4             5             -             13            1             3             7             4             5             3             7             13            14            13            4             1             3             
Jebel Ali         51            7             110           20            9             13            -             38            14            50            24            17            41            32            108           113           52            25            8             42            
Kaohsiung         29            1             5             9             2             2             7             -             1             39            8             5             7             8             19            9             6             3             9             5             
Laem Chabang      2             1             6             3             2             7             7             1             -             5             3             4             2             5             11            11            15            2             2             2             
Los Angeles       27            7             7             4             2             3             13            12            2             -             25            4             21            10            44            28            8             4             7             11            
New Jersey        8             62            21            43            3             2             14            6             2             27            -             19            8             48            32            23            8             14            3             7             
Piraeus           5             8             17            9             1             2             25            3             2             5             15            -             5             26            17            16            8             19            2             5             
Qingdao           12            3             11            9             2             3             16            11            2             54            10            8             -             11            26            11            12            7             5             1             
Rotterdam         8             20            29            17            4             4             42            7             2             9             68            15            8             -             31            31            13            37            4             10            
Shanghai          185           9             24            26            6             10            31            18            8             68            50            27            139           28            -             20            30            11            105           11            
Shenzhen          36            10            29            31            9             11            47            20            8             26            51            26            9             45            19            -             39            17            7             2             
Singapore         98            7             54            15            8             20            92            75            9             191           19            13            102           21            368           310           -             12            30            99            
Tanger Med        5             16            17            13            3             3             23            3             2             5             14            13            6             21            17            13            8             -             2             3             
Tianjin           7             2             8             8             2             1             13            6             2             20            10            7             10            13            23            6             11            3             -             0             
Xiamen            17            3             15            14            3             3             19            15            2             17            18            11            5             17            11            47            19            7             1             -             

Port-Level Shipment Waiting and Vessel Queue Statistics

Port                       Origin Waiting TEU   Transshipment Waiting TEU   Total Waiting TEU   Vessels Waiting
---------------------------------------------------------------------------------------------------------------
Busan                                     363                         255                 618              0.02
Cartagena                                 183                           0                 183              0.00
Colombo                                 1,083                          16               1,100              0.01
Hamburg                                   262                           0                 262              0.00
Ho Chi Minh City                           98                           0                  98              0.05
Jakarta                                   114                           0                 114              0.05
Jebel Ali                                 772                           0                 772              0.00
Kaohsiung                                 176                          37                 213              0.02
Laem Chabang                               91                           0                  91              0.02
Los Angeles                               241                           0                 241              0.00
New Jersey                                352                         106                 458              0.00
Piraeus                                   191                           0                 191              0.00
Qingdao                                   215                          46                 261              0.01
Rotterdam                                 358                           0                 358              0.00
Shanghai                                  807                       1,379               2,186              0.00
Shenzhen                                  444                         120                 563              0.00
Singapore                               1,543                       1,244               2,786              0.00
Tanger Med                                187                          56                 243              0.00
Tianjin                                   151                           0                 151              0.01
Xiamen                                    243                           0                 243              0.02
---------------------------------------------------------------------------------------------------------------
TOTAL                                   7,874                       3,258              11,132              0.21



============================================================
Shipment Being Transported Statistics
============================================================

Average TEUs in Transition by Demand Matrix
------------------------------------------------------------
Origin Dest       Busan         Cartagena     Colombo       Hamburg       Ho Chi Minh CityJakarta       Jebel Ali     Kaohsiung     Laem Chabang  Los Angeles   New Jersey    Piraeus       Qingdao       Rotterdam     Shanghai      Shenzhen      Singapore     Tanger Med    Tianjin       Xiamen        
----------------------------------------------------------------------------------------------------------------------------------------------------------------------------------------------------------------------------------------------------------------------------------------------------------
Busan             -             34            49            141           10            13            116           66            9             436           238           107           8             210           32            50            55            84            6             27            
Cartagena         27            -             59            30            18            16            66            16            14            93            35            33            40            52            124           118           63            33            17            38            
Colombo           93            34            -             128           12            23            63            68            16            126           101           87            93            230           176           214           30            109           25            65            
Hamburg           123           39            189           -             26            30            283           86            25            101           63            31            88            8             289           319           130           21            36            110           
Ho Chi Minh City  40            13            26            37            -             8             65            27            2             122           37            23            32            66            135           129           18            32            25            23            
Jakarta           47            16            35            48            4             -             78            32            4             161           43            56            46            78            150           175           6             41            22            42            
Jebel Ali         104           32            63            136           16            24            -             86            21            181           91            81            88            188           150           178           47            146           21            77            
Kaohsiung         17            25            28            99            9             12            49            -             7             311           96            52            18            93            49            36            33            39            9             17            
Laem Chabang      40            15            25            38            4             7             45            23            -             125           35            37            30            64            137           137           11            23            20            25            
Los Angeles       328           135           110           126           45            44            196           174           38            -             504           103           264           186           543           333           125           69            119           174           
New Jersey        101           51            161           75            25            21            108           76            26            453           -             48            78            80            294           255           75            17            39            87            
Piraeus           87            43            162           15            21            26            216           63            22            110           66            -             93            45            227           226           84            19            33            72            
Qingdao           81            41            32            97            8             15            64            7             8             447           117           72            -             110           7             18            32            53            49            0             
Rotterdam         150           51            340           4             43            52            412           114           37            173           108           21            138           -             437           417           156           26            67            155           
Shanghai          28            74            61            289           18            37            124           8             23            536           317           206           33            305           -             14            51            131           73            4             
Shenzhen          31            59            57            270           18            29            149           6             17            246           310           201           19            418           49            -             40            128           10            7             
Singapore         84            45            32            131           5             10            110           69            8             391           107           89            83            224           161           182           -             100           31            71            
Tanger Med        90            30            175           11            34            38            211           62            28            86            20            13            71            15            216           189           111           -             29            50            
Tianjin           55            29            26            86            6             6             60            10            5             191           92            68            2             132           11            13            30            41            -             0             
Xiamen            18            27            38            133           8             11            74            6             6             149           141           94            15            165           31            11            37            58            1             -             

Completed TEUs by Demand Matrix
------------------------------------------------------------
Origin Dest       Busan         Cartagena     Colombo       Hamburg       Ho Chi Minh CityJakarta       Jebel Ali     Kaohsiung     Laem Chabang  Los Angeles   New Jersey    Piraeus       Qingdao       Rotterdam     Shanghai      Shenzhen      Singapore     Tanger Med    Tianjin       Xiamen        
----------------------------------------------------------------------------------------------------------------------------------------------------------------------------------------------------------------------------------------------------------------------------------------------------------
Busan             -             41            225           152           40            44            329           950           34            856           261           163           290           263           685           338           245           124           196           188           
Cartagena         22            -             84            123           17            9             94            19            14            29            452           112           26            222           132           110           72            162           8             31            
Colombo           308           58            -             240           94            161           819           198           110           0             182           250           270           413           984           902           546           252           63            208           
Hamburg           126           149           335           -             35            41            648           83            33            0             348           270           68            460           380           338           192           356           26            94            
Ho Chi Minh City  74            14            125           55            -             96            219           45            95            0             50            47            51            92            312           256           311           61            35            43            
Jakarta           94            22            163           60            88            -             270           56            55            0             56            118           75            109           421           399           234           64            37            79            
Jebel Ali         268           38            611           294           78            111           -             197           92            0             109           262           191           394           562           559           391           419           38            193           
Kaohsiung         417           20            85            97            28            22            99            -             18            696           82            77            116           113           289           124           93            52            134           57            
Laem Chabang      71            15            121           56            46            111           168           37            -             0             35            84            49            104           328           286           289           40            29            46            
Los Angeles       499           0             108           0             44            42            177           217           33            -             0             45            319           0             858           345           129           34            149           231           
New Jersey        110           653           304           419           32            31            177           84            31            201           -             205           68            474           397           283           116           137           46            70            
Piraeus           99            131           346           109           29            43            627           76            30            0             240           -             95            400           328           288           151           317           36            74            
Qingdao           302           52            142           106           34            54            208           169           31            903           131           109           -             126           349           130           151           82            118           6             
Rotterdam         176           212           617           214           56            75            969           108           54            0             630           210           125           -             530           444           246           557           59            124           
Shanghai          803           114           433           413           123           171           537           271           137           1138          426           405           575           409           -             338           501           231           463           154           
Shenzhen          527           85            505           439           145           164           743           290           131           422           432           402           113           669           247           -             621           215           112           19            
Singapore         365           64            486           203           149           352           794           254           155           0             173           205           327           377           1402          1117          -             218           104           329           
Tanger Med        95            156           338           165           44            60            524           74            40            0             158           210           59            272           291           210           198           -             22            55            
Tianjin           193           31            122           99            22            16            203           79            18            336           89            104           138           144           328           95            147           72            -             8             
Xiamen            253           29            197           147           38            48            294           188           34            267           151           168           80            223           164           630           249           83            9             -             


============================================================
Service Route Capacity and Utilization Statistics
============================================================
Route     Name                                Avg Capacity TEU     Avg Carried TEU    Utilization
-------------------------------------------------------------------------------------------------
S1        Asia-Europe-NorthEurope                      175,432              15,182          8.65%
S2        Intra-EastAsia                                12,789                 327          2.56%
S3        SEA-Feeder                                     6,973                 249          3.57%
S4        Transpacific-WestCoast                       119,891               6,183          5.16%
S5        Asia-US-East                                 111,862               3,969          3.55%
S6        Transatlantic-SouthConnector                  22,764                 853          3.75%
S7        IndianOcean-MiddleEast                         7,423                 471          6.34%
-------------------------------------------------------------------------------------------------
TOTAL                                                  457,134              27,234          5.96%


============================================================
Vessel Statistics
============================================================
Metric                                            Average Count
---------------------------------------------------------------
Average vessels sailing                                   35.44
Average vessels waiting for berth at port                  0.21
Average vessels being served at berth                      1.81
---------------------------------------------------------------
TOTAL average active/port vessels                         37.46


Period Result Output: Period 11 (Days 51-55)
Output Simulation Day: 55
Simulation Running Time: 00:12:37

Simulation Progress: Day 60 / 100
Simulation Clock Time: 0001-04-21 00:00:00


============================================================
Shipment Waiting for Loading Statistics
============================================================

TEUs by Demand Matrix
------------------------------------------------------------
Origin Dest       Busan         Cartagena     Colombo       Hamburg       Ho Chi Minh CityJakarta       Jebel Ali     Kaohsiung     Laem Chabang  Los Angeles   New Jersey    Piraeus       Qingdao       Rotterdam     Shanghai      Shenzhen      Singapore     Tanger Med    Tianjin       Xiamen        
----------------------------------------------------------------------------------------------------------------------------------------------------------------------------------------------------------------------------------------------------------------------------------------------------------
Busan             -             3             13            14            2             2             27            64            2             50            18            11            18            19            44            23            19            8             12            13            
Cartagena         3             -             7             12            2             3             7             0             1             8             43            9             4             21            12            10            6             20            3             2             
Colombo           68            6             -             17            12            20            109           48            13            42            21            14            67            33            198           214           65            16            15            55            
Hamburg           6             15            18            -             2             2             30            6             2             6             35            17            7             34            19            21            10            21            2             6             
Ho Chi Minh City  2             1             6             3             -             6             11            2             5             5             3             3             3             6             10            10            17            3             2             2             
Jakarta           3             1             9             4             5             -             13            1             3             8             3             5             3             7             13            14            13            4             1             3             
Jebel Ali         48            7             107           21            9             12            -             35            13            46            23            17            39            32            101           105           51            24            8             39            
Kaohsiung         29            1             5             8             2             2             7             -             1             39            8             5             7             8             18            9             6             3             9             5             
Laem Chabang      2             2             5             3             2             7             7             1             -             5             3             4             2             5             11            11            14            2             2             2             
Los Angeles       27            7             7             4             2             3             13            12            2             -             24            5             22            10            42            26            8             4             7             11            
New Jersey        8             61            21            44            3             2             14            6             2             26            -             19            8             50            31            22            8             14            3             7             
Piraeus           5             8             17            10            1             2             24            3             2             5             16            -             5             26            16            16            8             20            2             5             
Qingdao           12            3             11            10            2             3             16            11            2             52            10            8             -             11            27            11            12            7             5             1             
Rotterdam         8             20            28            17            4             4             42            7             2             9             67            15            8             -             30            30            13            36            4             10            
Shanghai          173           9             24            26            6             10            30            18            7             66            49            25            131           27            -             19            30            11            99            11            
Shenzhen          35            9             29            30            8             11            46            20            8             26            49            26            9             44            19            -             38            16            7             2             
Singapore         91            7             57            16            8             19            93            69            9             177           18            14            95            21            340           287           -             12            27            91            
Tanger Med        5             15            17            12            3             3             23            3             2             5             14            13            6             22            17            13            8             -             2             3             
Tianjin           8             2             8             8             1             1             13            6             2             20            10            7             10            14            23            6             11            3             -             0             
Xiamen            16            3             15            14            3             3             18            15            2             17            18            11            5             17            11            46            19            7             1             -             

Port-Level Shipment Waiting and Vessel Queue Statistics

Port                       Origin Waiting TEU   Transshipment Waiting TEU   Total Waiting TEU   Vessels Waiting
---------------------------------------------------------------------------------------------------------------
Busan                                     364                         246                 611              0.02
Cartagena                                 173                           0                 173              0.00
Colombo                                 1,031                          19               1,050              0.01
Hamburg                                   261                           0                 261              0.00
Ho Chi Minh City                           98                           0                  98              0.04
Jakarta                                   113                           0                 113              0.05
Jebel Ali                                 736                           0                 736              0.00
Kaohsiung                                 174                          35                 209              0.02
Laem Chabang                               90                           0                  90              0.02
Los Angeles                               236                           0                 236              0.00
New Jersey                                348                         121                 470              0.00
Piraeus                                   190                           0                 190              0.00
Qingdao                                   214                          45                 259              0.01
Rotterdam                                 353                           0                 353              0.00
Shanghai                                  771                       1,374               2,144              0.00
Shenzhen                                  432                         130                 561              0.00
Singapore                               1,452                       1,179               2,632              0.00
Tanger Med                                188                          51                 239              0.00
Tianjin                                   154                           0                 154              0.01
Xiamen                                    238                           0                 238              0.02
---------------------------------------------------------------------------------------------------------------
TOTAL                                   7,618                       3,200              10,818              0.21



============================================================
Shipment Being Transported Statistics
============================================================

Average TEUs in Transition by Demand Matrix
------------------------------------------------------------
Origin Dest       Busan         Cartagena     Colombo       Hamburg       Ho Chi Minh CityJakarta       Jebel Ali     Kaohsiung     Laem Chabang  Los Angeles   New Jersey    Piraeus       Qingdao       Rotterdam     Shanghai      Shenzhen      Singapore     Tanger Med    Tianjin       Xiamen        
----------------------------------------------------------------------------------------------------------------------------------------------------------------------------------------------------------------------------------------------------------------------------------------------------------
Busan             -             35            50            143           10            13            118           66            9             436           232           108           8             210           31            51            58            84            6             26            
Cartagena         27            -             59            32            18            17            67            16            13            95            39            33            40            54            123           117           63            36            17            37            
Colombo           91            35            -             128           13            23            58            65            17            135           102           89            91            230           167           203           33            110           25            64            
Hamburg           120           37            188           -             25            30            279           84            25            106           61            31            88            8             284           314           129           21            37            108           
Ho Chi Minh City  38            14            26            37            -             8             64            26            2             127           38            24            31            66            128           123           17            32            24            22            
Jakarta           45            16            36            48            4             -             77            30            4             167           42            55            43            76            140           164           7             41            21            40            
Jebel Ali         102           32            62            137           15            24            -             82            22            191           92            81            84            189           145           168           50            143           21            75            
Kaohsiung         18            26            28            99            10            12            49            -             7             307           93            52            17            93            48            36            33            39            9             17            
Laem Chabang      38            16            25            38            4             7             45            21            -             130           34            37            29            64            128           130           11            23            20            23            
Los Angeles       327           140           109           124           44            44            195           171           37            -             505           102           261           187           534           329           124           69            117           171           
New Jersey        101           48            160           75            25            20            109           75            26            454           -             47            78            81            293           252           74            18            38            85            
Piraeus           85            41            158           15            20            26            208           60            21            114           64            -             89            43            223           220           83            19            32            71            
Qingdao           76            40            34            97            8             14            64            8             8             444           116           73            -             112           6             19            33            54            46            0             
Rotterdam         146           49            334           4             42            51            400           112           36            179           106           22            136           -             432           415           154           26            66            153           
Shanghai          25            74            61            288           18            36            122           8             22            530           317           208           31            301           -             14            51            130           69            4             
Shenzhen          32            61            57            270           17            30            151           7             17            244           312           204           19            414           49            -             41            132           10            7             
Singapore         81            46            31            132           5             10            103           66            7             427           107           89            80            219           153           174           -             99            30            68            
Tanger Med        87            30            170           11            34            37            206           59            27            89            20            12            71            14            213           184           108           -             30            48            
Tianjin           52            28            26            86            6             6             59            10            6             188           91            68            2             132           10            13            31            41            -             0             
Xiamen            19            28            40            135           9             11            75            7             6             147           143           94            14            166           31            12            39            59            1             -             

Completed TEUs by Demand Matrix
------------------------------------------------------------
Origin Dest       Busan         Cartagena     Colombo       Hamburg       Ho Chi Minh CityJakarta       Jebel Ali     Kaohsiung     Laem Chabang  Los Angeles   New Jersey    Piraeus       Qingdao       Rotterdam     Shanghai      Shenzhen      Singapore     Tanger Med    Tianjin       Xiamen        
----------------------------------------------------------------------------------------------------------------------------------------------------------------------------------------------------------------------------------------------------------------------------------------------------------
Busan             -             41            225           180           40            48            374           1071          34            856           376           175           313           294           771           397           298           124           196           221           
Cartagena         22            -             84            123           17            9             94            21            14            29            599           112           35            222           132           119           81            162           8             41            
Colombo           308           58            -             270           94            161           819           213           110           0             246           280           285           481           1033          977           648           252           63            230           
Hamburg           126           163           364           -             35            43            648           97            33            0             348           270           78            533           407           396           192           397           26            112           
Ho Chi Minh City  74            14            125           57            -             110           219           52            95            0             63            54            58            104           342           273           342           61            35            45            
Jakarta           94            22            163           77            88            -             270           60            55            0             76            130           84            134           440           432           265           64            37            86            
Jebel Ali         268           38            882           326           78            111           -             218           92            0             168           299           215           449           609           604           481           419           38            208           
Kaohsiung         467           20            85            116           28            23            113           -             18            696           141           86            131           126           331           139           104           52            134           65            
Laem Chabang      71            15            121           62            46            128           168           40            -             0             56            94            54            113           350           308           316           40            29            49            
Los Angeles       499           0             108           61            44            42            177           259           33            -             209           59            376           68            858           474           176           34            149           254           
New Jersey        110           673           325           419           32            31            177           93            31            201           -             205           81            474           397           330           131           137           46            96            
Piraeus           99            147           375           131           29            45            627           82            30            0             240           -             115           434           361           321           151           317           36            84            
Qingdao           302           52            142           130           34            54            208           189           31            903           175           129           -             145           349           154           190           82            118           8             
Rotterdam         176           229           675           265           56            78            969           125           54            0             630           210           144           -             580           489           246           620           59            147           
Shanghai          803           114           433           466           123           192           596           303           137           1138          576           440           614           498           -             382           571           231           463           173           
Shenzhen          588           85            505           487           145           194           862           348           131           422           600           440           127           746           294           -             697           215           112           23            
Singapore         365           64            486           233           149           387           794           271           155           0             228           234           338           438           1466          1219          -             218           104           351           
Tanger Med        95            170           384           193           44            65            524           80            40            0             158           210           65            314           318           255           198           -             22            63            
Tianjin           193           31            122           121           22            16            203           88            18            336           132           123           138           177           328           106           162           72            -             11            
Xiamen            287           29            197           187           38            48            294           214           34            267           220           190           92            248           183           738           280           83            9             -             


============================================================
Service Route Capacity and Utilization Statistics
============================================================
Route     Name                                Avg Capacity TEU     Avg Carried TEU    Utilization
-------------------------------------------------------------------------------------------------
S1        Asia-Europe-NorthEurope                      176,607              15,012          8.50%
S2        Intra-EastAsia                                12,791                 326          2.55%
S3        SEA-Feeder                                     7,002                 247          3.53%
S4        Transpacific-WestCoast                       120,577               6,253          5.19%
S5        Asia-US-East                                 112,081               3,940          3.52%
S6        Transatlantic-SouthConnector                  22,809                 859          3.76%
S7        IndianOcean-MiddleEast                         7,403                 462          6.24%
-------------------------------------------------------------------------------------------------
TOTAL                                                  459,270              27,099          5.90%


============================================================
Vessel Statistics
============================================================
Metric                                            Average Count
---------------------------------------------------------------
Average vessels sailing                                   35.58
Average vessels waiting for berth at port                  0.21
Average vessels being served at berth                      1.79
---------------------------------------------------------------
TOTAL average active/port vessels                         37.59


Period Result Output: Period 12 (Days 56-60)
Output Simulation Day: 60
Simulation Running Time: 00:13:13

Simulation Progress: Day 65 / 100
Simulation Clock Time: 0001-04-26 00:00:00


============================================================
Shipment Waiting for Loading Statistics
============================================================

TEUs by Demand Matrix
------------------------------------------------------------
Origin Dest       Busan         Cartagena     Colombo       Hamburg       Ho Chi Minh CityJakarta       Jebel Ali     Kaohsiung     Laem Chabang  Los Angeles   New Jersey    Piraeus       Qingdao       Rotterdam     Shanghai      Shenzhen      Singapore     Tanger Med    Tianjin       Xiamen        
----------------------------------------------------------------------------------------------------------------------------------------------------------------------------------------------------------------------------------------------------------------------------------------------------------
Busan             -             3             13            14            2             2             28            65            2             51            19            11            18            19            45            23            19            8             12            14            
Cartagena         3             -             7             13            2             3             8             0             1             8             44            10            4             21            12            9             6             19            3             2             
Colombo           63            6             -             17            11            19            109           45            12            39            20            13            63            34            187           201           64            16            14            52            
Hamburg           7             17            19            -             2             2             31            6             2             6             40            18            7             35            20            22            11            22            3             6             
Ho Chi Minh City  2             1             6             3             -             6             11            2             4             4             3             3             3             6             10            9             17            3             2             2             
Jakarta           3             1             9             4             5             -             13            2             3             8             3             5             3             6             14            14            13            4             1             3             
Jebel Ali         46            7             110           20            10            12            -             33            13            43            24            17            36            32            94            98            52            25            7             37            
Kaohsiung         31            1             5             8             2             2             7             -             1             41            8             6             7             8             19            9             6             3             10            5             
Laem Chabang      2             2             5             3             2             7             7             1             -             5             3             4             2             5             11            10            13            2             2             2             
Los Angeles       29            7             8             5             3             3             13            13            2             -             26            5             24            11            43            27            9             4             7             11            
New Jersey        8             58            20            42            3             2             14            6             2             27            -             19            8             48            30            22            8             13            3             7             
Piraeus           5             7             17            9             1             2             24            4             2             5             16            -             5             25            17            16            8             19            2             5             
Qingdao           11            3             11            10            2             3             15            11            2             55            10            7             -             11            26            11            12            7             5             1             
Rotterdam         8             20            30            18            4             5             42            8             3             9             68            16            8             -             31            31            14            37            4             10            
Shanghai          162           9             24            26            6             10            30            19            8             66            47            25            122           28            -             19            31            11            92            11            
Shenzhen          35            9             28            29            8             11            44            22            8             28            49            26            9             43            20            -             37            16            7             2             
Singapore         85            7             54            16            8             19            89            65            8             168           19            14            88            21            317           269           -             11            26            85            
Tanger Med        5             16            17            12            3             3             24            3             2             5             15            13            6             22            18            13            9             -             2             4             
Tianjin           7             2             7             8             1             1             13            5             2             21            10            7             9             13            22            6             10            3             -             0             
Xiamen            16            3             16            14            3             3             18            15            3             17            18            11            4             17            11            47            19            7             1             -             

Port-Level Shipment Waiting and Vessel Queue Statistics

Port                       Origin Waiting TEU   Transshipment Waiting TEU   Total Waiting TEU   Vessels Waiting
---------------------------------------------------------------------------------------------------------------
Busan                                     368                         244                 612              0.02
Cartagena                                 175                           0                 175              0.00
Colombo                                   983                          19               1,002              0.01
Hamburg                                   275                           0                 275              0.00
Ho Chi Minh City                           96                           0                  96              0.04
Jakarta                                   114                           0                 114              0.05
Jebel Ali                                 716                           0                 716              0.00
Kaohsiung                                 180                          32                 213              0.04
Laem Chabang                               89                           0                  89              0.02
Los Angeles                               248                           0                 248              0.00
New Jersey                                337                         125                 463              0.00
Piraeus                                   187                           0                 187              0.00
Qingdao                                   212                          45                 257              0.01
Rotterdam                                 365                           0                 365              0.00
Shanghai                                  747                       1,340               2,088              0.00
Shenzhen                                  429                         131                 561              0.00
Singapore                               1,369                       1,126               2,495              0.00
Tanger Med                                190                          53                 243              0.00
Tianjin                                   149                           0                 149              0.01
Xiamen                                    243                           0                 243              0.02
---------------------------------------------------------------------------------------------------------------
TOTAL                                   7,475                       3,115              10,590              0.23



============================================================
Shipment Being Transported Statistics
============================================================

Average TEUs in Transition by Demand Matrix
------------------------------------------------------------
Origin Dest       Busan         Cartagena     Colombo       Hamburg       Ho Chi Minh CityJakarta       Jebel Ali     Kaohsiung     Laem Chabang  Los Angeles   New Jersey    Piraeus       Qingdao       Rotterdam     Shanghai      Shenzhen      Singapore     Tanger Med    Tianjin       Xiamen        
----------------------------------------------------------------------------------------------------------------------------------------------------------------------------------------------------------------------------------------------------------------------------------------------------------
Busan             -             36            51            145           10            13            120           67            9             440           228           109           8             211           32            50            58            85            6             27            
Cartagena         28            -             59            33            18            17            66            15            13            97            36            34            40            56            121           116           63            38            18            36            
Colombo           89            37            -             128           14            22            62            62            18            142           102           89            88            233           162           194           31            109           24            63            
Hamburg           116           36            186           -             25            30            274           83            24            110           57            30            87            9             280           309           127           20            37            106           
Ho Chi Minh City  36            14            26            38            -             8             64            25            2             131           38            24            30            68            121           117           17            32            24            22            
Jakarta           42            17            36            48            4             -             78            28            4             173           41            55            41            76            132           154           6             41            20            38            
Jebel Ali         101           32            57            139           15            24            -             79            22            200           92            80            81            192           140           160           46            140           21            73            
Kaohsiung         16            26            27            98            10            12            49            -             8             306           91            52            17            93            47            35            32            39            9             17            
Laem Chabang      36            17            24            39            4             7             46            20            -             134           34            37            28            64            122           123           10            24            19            22            
Los Angeles       326           144           107           123           43            44            193           168           36            -             501           100           258           188           522           325           121           69            114           167           
New Jersey        101           49            158           80            25            20            108           74            25            457           -             50            78            90            292           249           73            21            38            84            
Piraeus           84            40            154           16            20            26            201           58            21            117           64            -             85            44            218           215           82            19            31            70            
Qingdao           73            41            35            97            7             14            67            7             8             444           115           72            -             115           7             19            34            56            44            0             
Rotterdam         142           47            326           5             42            50            389           111           36            184           100           22            133           -             426           411           151           24            65            150           
Shanghai          25            75            61            288           17            35            120           8             21            527           316           208           31            299           -             14            49            129           67            4             
Shenzhen          31            63            58            272           16            30            152           7             18            245           310           205           19            413           49            -             41            134           9             7             
Singapore         79            48            34            133           5             10            108           63            7             460           105           88            78            217           145           167           -             97            29            66            
Tanger Med        85            29            166           11            34            36            202           57            26            92            18            11            71            14            210           179           105           -             30            47            
Tianjin           50            28            26            87            6             6             60            10            6             189           90            68            2             134           10            13            32            41            -             0             
Xiamen            19            29            42            137           9             11            78            7             7             146           144           93            14            168           31            12            40            59            1             -             

Completed TEUs by Demand Matrix
------------------------------------------------------------
Origin Dest       Busan         Cartagena     Colombo       Hamburg       Ho Chi Minh CityJakarta       Jebel Ali     Kaohsiung     Laem Chabang  Los Angeles   New Jersey    Piraeus       Qingdao       Rotterdam     Shanghai      Shenzhen      Singapore     Tanger Med    Tianjin       Xiamen        
----------------------------------------------------------------------------------------------------------------------------------------------------------------------------------------------------------------------------------------------------------------------------------------------------------
Busan             -             41            253           202           45            52            374           1071          39            969           401           198           351           317           868           443           344           140           223           243           
Cartagena         25            -             84            123           17            12            122           21            15            44            628           112           41            222           152           132           81            228           11            44            
Colombo           367           58            -             311           94            184           819           213           110           171           292           310           335           555           1033          1033          648           317           72            270           
Hamburg           154           163           396           -             38            49            709           97            36            60            394           300           105           533           407           415           219           397           33            135           
Ho Chi Minh City  87            14            153           64            -             124           219           52            100           119           75            57            64            116           342           301           368           69            39            48            
Jakarta           104           22            220           87            92            -             270           60            59            163           85            130           95            149           440           446           265           73            37            97            
Jebel Ali         312           38            882           375           78            143           -             218           92            214           168           323           244           519           609           628           481           492           49            238           
Kaohsiung         467           20            92            127           33            30            113           -             22            786           141           86            146           146           374           156           118           58            150           73            
Laem Chabang      83            15            141           71            46            144           168           40            -             120           67            101           65            123           350           331           340           54            33            51            
Los Angeles       538           0             139           76            56            51            177           259           45            -             315           73            410           89            934           474           176           46            174           278           
New Jersey        126           673           325           419           37            35            220           93            35            253           -             205           91            474           435           374           139           186           51            109           
Piraeus           118           147           404           160           33            51            664           82            32            77            266           -             132           494           361           343           171           373           37            98            
Qingdao           328           52            163           151           37            61            208           189           37            1005          197           150           -             173           402           177           211           111           123           9             
Rotterdam         196           229           734           317           61            87            1032          125           55            103           715           250           175           -             580           535           273           620           67            191           
Shanghai          858           114           476           513           139           207           596           303           149           1259          671           472           678           559           -             407           603           281           494           194           
Shenzhen          588           85            569           540           159           218           862           348           150           491           708           487           153           839           339           -             753           271           127           27            
Singapore         421           64            607           282           168           419           794           271           176           586           267           249           387           480           1466          1293          -             254           107           388           
Tanger Med        115           170           398           220           49            72            565           80            43            58            174           225           86            362           318           272           216           -             26            67            
Tianjin           212           31            134           142           26            21            203           88            24            384           155           135           160           204           379           114           192           83            -             11            
Xiamen            287           29            234           215           45            54            294           214           41            295           246           216           104           286           204           853           318           114           10            -             


============================================================
Service Route Capacity and Utilization Statistics
============================================================
Route     Name                                Avg Capacity TEU     Avg Carried TEU    Utilization
-------------------------------------------------------------------------------------------------
S1        Asia-Europe-NorthEurope                      177,567              14,867          8.37%
S2        Intra-EastAsia                                12,641                 320          2.53%
S3        SEA-Feeder                                     6,990                 246          3.53%
S4        Transpacific-WestCoast                       120,946               6,316          5.22%
S5        Asia-US-East                                 112,281               3,919          3.49%
S6        Transatlantic-SouthConnector                  22,834                 872          3.82%
S7        IndianOcean-MiddleEast                         7,423                 467          6.29%
-------------------------------------------------------------------------------------------------
TOTAL                                                  460,682              27,008          5.86%


============================================================
Vessel Statistics
============================================================
Metric                                            Average Count
---------------------------------------------------------------
Average vessels sailing                                   35.66
Average vessels waiting for berth at port                  0.23
Average vessels being served at berth                      1.81
---------------------------------------------------------------
TOTAL average active/port vessels                         37.70


Period Result Output: Period 13 (Days 61-65)
Output Simulation Day: 65
Simulation Running Time: 00:14:07

Simulation Progress: Day 70 / 100
Simulation Clock Time: 0001-05-01 00:00:00


============================================================
Shipment Waiting for Loading Statistics
============================================================

TEUs by Demand Matrix
------------------------------------------------------------
Origin Dest       Busan         Cartagena     Colombo       Hamburg       Ho Chi Minh CityJakarta       Jebel Ali     Kaohsiung     Laem Chabang  Los Angeles   New Jersey    Piraeus       Qingdao       Rotterdam     Shanghai      Shenzhen      Singapore     Tanger Med    Tianjin       Xiamen        
----------------------------------------------------------------------------------------------------------------------------------------------------------------------------------------------------------------------------------------------------------------------------------------------------------
Busan             -             3             12            14            2             3             28            68            2             57            19            11            18            19            45            23            18            8             12            13            
Cartagena         3             -             7             12            2             3             7             1             1             8             42            9             3             20            12            9             6             19            3             2             
Colombo           59            6             -             17            11            20            107           43            12            37            20            13            59            32            175           188           65            16            14            49            
Hamburg           6             17            18            -             2             2             30            6             2             6             40            17            7             34            19            21            10            21            3             6             
Ho Chi Minh City  2             1             6             3             -             6             11            2             4             5             3             3             3             6             10            9             16            3             2             2             
Jakarta           3             1             10            4             5             -             13            2             3             9             3             5             3             7             14            14            13            4             1             3             
Jebel Ali         44            7             108           20            9             11            -             33            13            42            23            17            34            31            89            92            50            25            7             35            
Kaohsiung         35            1             6             9             2             3             9             -             1             47            8             7             8             9             21            10            6             3             11            6             
Laem Chabang      2             2             5             3             2             7             7             1             -             6             3             4             2             5             12            10            13            2             2             1             
Los Angeles       28            7             8             5             2             3             12            13            2             -             25            5             24            10            41            26            8             4             7             11            
New Jersey        8             57            20            41            3             2             14            6             2             28            -             19            8             48            29            22            8             13            3             7             
Piraeus           5             7             17            9             1             2             24            4             2             5             15            -             5             25            18            16            8             19            2             6             
Qingdao           11            4             11            10            2             3             15            12            3             59            11            8             -             12            27            11            13            7             5             1             
Rotterdam         8             21            29            17            4             4             41            8             3             10            69            16            8             -             29            29            13            35            4             10            
Shanghai          152           8             23            26            6             10            30            21            7             69            46            25            115           29            -             19            31            11            87            11            
Shenzhen          35            9             28            29            8             11            45            24            9             32            49            27            9             43            20            -             37            16            6             2             
Singapore         80            7             55            17            8             18            89            62            8             161           18            14            82            21            297           253           -             11            24            80            
Tanger Med        6             17            17            12            3             3             26            4             2             5             16            13            5             22            18            13            9             -             2             4             
Tianjin           8             2             7             9             2             1             13            6             2             23            10            8             9             14            24            6             12            4             -             0             
Xiamen            17            3             15            13            3             3             20            16            3             18            18            12            5             18            11            49            19            7             1             -             

Port-Level Shipment Waiting and Vessel Queue Statistics

Port                       Origin Waiting TEU   Transshipment Waiting TEU   Total Waiting TEU   Vessels Waiting
---------------------------------------------------------------------------------------------------------------
Busan                                     376                         240                 616              0.02
Cartagena                                 169                           0                 169              0.00
Colombo                                   942                          17                 959              0.01
Hamburg                                   269                           0                 269              0.00
Ho Chi Minh City                           96                           0                  96              0.05
Jakarta                                   116                           0                 116              0.05
Jebel Ali                                 689                           0                 689              0.00
Kaohsiung                                 201                          30                 231              0.18
Laem Chabang                               89                           0                  89              0.02
Los Angeles                               240                           0                 240              0.00
New Jersey                                337                         127                 464              0.00
Piraeus                                   191                           0                 191              0.00
Qingdao                                   223                          46                 268              0.01
Rotterdam                                 357                           0                 357              0.00
Shanghai                                  725                       1,300               2,025              0.00
Shenzhen                                  436                         138                 575              0.00
Singapore                               1,307                       1,073               2,379              0.00
Tanger Med                                197                          61                 258              0.00
Tianjin                                   159                           0                 159              0.01
Xiamen                                    251                           0                 251              0.02
---------------------------------------------------------------------------------------------------------------
TOTAL                                   7,368                       3,032              10,400              0.36



============================================================
Shipment Being Transported Statistics
============================================================

Average TEUs in Transition by Demand Matrix
------------------------------------------------------------
Origin Dest       Busan         Cartagena     Colombo       Hamburg       Ho Chi Minh CityJakarta       Jebel Ali     Kaohsiung     Laem Chabang  Los Angeles   New Jersey    Piraeus       Qingdao       Rotterdam     Shanghai      Shenzhen      Singapore     Tanger Med    Tianjin       Xiamen        
----------------------------------------------------------------------------------------------------------------------------------------------------------------------------------------------------------------------------------------------------------------------------------------------------------
Busan             -             36            51            146           10            13            123           72            9             437           224           109           8             210           32            50            58            85            5             29            
Cartagena         28            -             58            35            19            18            65            14            13            98            39            35            40            58            121           116           63            37            19            35            
Colombo           85            37            -             129           14            21            63            60            18            137           101           88            85            234           158           188           29            109           23            62            
Hamburg           113           36            187           -             24            30            273           82            24            109           59            30            87            8             278           307           127           22            38            104           
Ho Chi Minh City  34            14            25            38            -             8             62            24            2             125           39            24            30            68            116           112           17            32            23            22            
Jakarta           40            17            35            47            4             -             76            27            4             166           40            54            39            75            126           146           6             41            19            36            
Jebel Ali         98            32            62            138           16            24            -             76            23            192           92            80            77            192           136           154           47            138           21            70            
Kaohsiung         15            26            26            98            9             12            48            -             8             297           90            51            15            92            44            33            30            39            8             16            
Laem Chabang      34            17            23            39            4             7             46            20            -             130           33            37            26            63            116           117           10            23            19            21            
Los Angeles       326           145           106           121           42            44            191           166           36            -             499           99            259           188           513           324           120           68            112           164           
New Jersey        100           46            157           80            24            20            107           74            25            455           -             52            79            90            291           246           73            20            37            83            
Piraeus           82            39            151           16            20            25            195           56            21            115           65            -             82            43            214           210           80            18            31            69            
Qingdao           69            40            35            96            7             14            67            7             8             437           113           71            -             115           6             18            33            56            42            0             
Rotterdam         139           46            322           4             42            50            382           110           36            181           98            24            130           -             421           411           150           26            65            148           
Shanghai          24            75            61            286           17            34            119           9             21            517           313           209           30            296           -             14            51            128           67            4             
Shenzhen          33            64            57            271           16            30            151           9             18            241           309           205           19            408           49            -             40            136           9             8             
Singapore         76            49            31            132           5             10            104           61            7             446           105           88            75            214           140           163           -             95            28            64            
Tanger Med        83            27            163           11            33            34            200           56            26            91            17            12            69            14            207           176           103           -             30            47            
Tianjin           47            28            26            86            6             6             60            10            6             187           89            66            2             133           10            12            31            40            -             0             
Xiamen            20            29            43            137           9             12            79            9             7             143           146           91            13            169           30            12            40            58            1             -             

Completed TEUs by Demand Matrix
------------------------------------------------------------
Origin Dest       Busan         Cartagena     Colombo       Hamburg       Ho Chi Minh CityJakarta       Jebel Ali     Kaohsiung     Laem Chabang  Los Angeles   New Jersey    Piraeus       Qingdao       Rotterdam     Shanghai      Shenzhen      Singapore     Tanger Med    Tianjin       Xiamen        
----------------------------------------------------------------------------------------------------------------------------------------------------------------------------------------------------------------------------------------------------------------------------------------------------------
Busan             -             53            287           221           50            52            432           1071          44            1059          421           226           387           353           868           497           344           140           223           243           
Cartagena         29            -             99            159           17            12            129           21            15            44            716           112           43            277           152           132           96            240           11            44            
Colombo           396           72            -             330           121           184           1039          213           140           181           310           340           358           599           1127          1103          648           317           72            270           
Hamburg           174           180           396           -             42            49            754           97            41            64            394           300           117           638           446           480           246           458           33            135           
Ho Chi Minh City  89            19            153           75            -             124           269           52            109           125           75            65            75            132           368           323           404           69            39            48            
Jakarta           110           26            220           87            99            -             347           60            75            173           93            141           104           149           468           477           284           73            37            97            
Jebel Ali         348           51            882           408           93            143           -             218           124           234           211           343           252           570           656           663           481           492           49            238           
Kaohsiung         467           28            101           127           38            30            128           -             29            865           150           99            146           146           374           175           118           58            150           73            
Laem Chabang      87            22            141           77            56            144           213           40            -             130           67            108           67            141           371           360           350           54            33            51            
Los Angeles       601           56            139           90            56            51            229           259           45            -             315           82            449           109           1024          510           176           46            174           278           
New Jersey        151           751           351           536           39            35            238           93            37            292           -             205           113           634           472           399           149           198           51            109           
Piraeus           131           154           404           169           38            51            696           82            40            83            266           -             137           511           405           382           181           373           37            98            
Qingdao           351           62            192           173           40            61            241           189           41            1108          197           162           -             203           402           193           211           111           123           9             
Rotterdam         210           253           734           337           70            87            1116          125           56            117           715           250           184           -             662           621           302           690           67            191           
Shanghai          905           133           526           581           146           207           645           303           156           1380          705           513           711           603           -             444           603           281           494           194           
Shenzhen          588           113           616           583           164           218           970           348           166           548           741           534           153           888           339           -             753           271           127           27            
Singapore         455           83            607           304           186           419           953           271           185           631           284           272           412           517           1558          1395          -             254           107           388           
Tanger Med        132           188           398           235           58            72            614           80            46            61            174           225           100           378           352           288           233           -             26            67            
Tianjin           229           40            144           154           29            21            230           88            29            409           155           152           160           235           379           124           192           83            -             11            
Xiamen            287           40            261           241           53            54            336           214           42            331           246           235           104           322           204           853           318           114           10            -             


============================================================
Service Route Capacity and Utilization Statistics
============================================================
Route     Name                                Avg Capacity TEU     Avg Carried TEU    Utilization
-------------------------------------------------------------------------------------------------
S1        Asia-Europe-NorthEurope                      178,331              14,723          8.26%
S2        Intra-EastAsia                                11,738                 297          2.53%
S3        SEA-Feeder                                     6,992                 247          3.53%
S4        Transpacific-WestCoast                       121,415               6,256          5.15%
S5        Asia-US-East                                 112,423               3,909          3.48%
S6        Transatlantic-SouthConnector                  22,775                 858          3.77%
S7        IndianOcean-MiddleEast                         7,430                 464          6.24%
-------------------------------------------------------------------------------------------------
TOTAL                                                  461,104              26,754          5.80%


============================================================
Vessel Statistics
============================================================
Metric                                            Average Count
---------------------------------------------------------------
Average vessels sailing                                   35.63
Average vessels waiting for berth at port                  0.36
Average vessels being served at berth                      1.79
---------------------------------------------------------------
TOTAL average active/port vessels                         37.79


Period Result Output: Period 14 (Days 66-70)
Output Simulation Day: 70
Simulation Running Time: 00:15:06

Simulation Progress: Day 75 / 100
Simulation Clock Time: 0001-05-06 00:00:00


============================================================
Shipment Waiting for Loading Statistics
============================================================

TEUs by Demand Matrix
------------------------------------------------------------
Origin Dest       Busan         Cartagena     Colombo       Hamburg       Ho Chi Minh CityJakarta       Jebel Ali     Kaohsiung     Laem Chabang  Los Angeles   New Jersey    Piraeus       Qingdao       Rotterdam     Shanghai      Shenzhen      Singapore     Tanger Med    Tianjin       Xiamen        
----------------------------------------------------------------------------------------------------------------------------------------------------------------------------------------------------------------------------------------------------------------------------------------------------------
Busan             -             3             13            15            3             2             28            76            2             66            20            12            18            19            46            24            19            9             13            14            
Cartagena         3             -             7             13            2             3             7             1             1             9             43            10            4             21            13            9             6             19            3             2             
Colombo           56            5             -             17            11            19            112           42            12            35            19            13            56            32            166           179           63            16            13            47            
Hamburg           6             16            18            -             2             2             30            7             2             6             39            17            7             33            19            21            10            21            3             6             
Ho Chi Minh City  2             1             5             3             -             6             10            3             4             6             3             3             3             6             10            9             16            3             2             2             
Jakarta           3             1             10            4             4             -             13            2             3             10            3             5             3             6             13            14            13            4             1             3             
Jebel Ali         42            7             106           20            9             11            -             34            13            42            22            16            32            30            85            87            49            25            7             33            
Kaohsiung         39            2             7             10            3             4             10            -             2             54            9             8             10            10            25            11            7             4             13            6             
Laem Chabang      3             1             5             3             2             7             7             2             -             6             3             4             2             5             12            10            14            2             2             1             
Los Angeles       29            7             8             5             2             3             12            15            2             -             25            5             23            10            42            26            9             4             7             11            
New Jersey        8             60            20            40            3             2             14            7             2             32            -             18            8             46            29            22            8             13            3             7             
Piraeus           5             7             16            10            1             2             23            5             2             6             15            -             5             25            18            16            8             20            2             6             
Qingdao           12            4             12            11            3             3             16            13            3             65            13            8             -             14            30            12            15            8             5             1             
Rotterdam         8             20            28            17            4             4             41            9             3             11            65            16            8             -             29            29            13            36            4             10            
Shanghai          144           8             22            26            6             10            31            24            7             76            45            24            109           29            -             20            31            11            82            13            
Shenzhen          34            8             28            30            8             11            47            28            9             37            49            26            9             44            19            -             37            15            6             2             
Singapore         75            7             57            17            8             18            91            61            8             159           18            14            77            21            283           240           -             11            23            77            
Tanger Med        5             16            17            12            3             3             25            4             2             6             16            13            5             21            18            13            9             -             2             4             
Tianjin           9             2             8             10            2             2             15            6             2             27            11            9             10            16            28            6             14            4             -             0             
Xiamen            19            3             17            14            3             3             23            18            3             21            20            14            5             20            12            56            21            8             1             -             

Port-Level Shipment Waiting and Vessel Queue Statistics

Port                       Origin Waiting TEU   Transshipment Waiting TEU   Total Waiting TEU   Vessels Waiting
---------------------------------------------------------------------------------------------------------------
Busan                                     401                         241                 642              0.01
Cartagena                                 175                           0                 175              0.00
Colombo                                   913                          18                 931              0.01
Hamburg                                   265                           0                 265              0.00
Ho Chi Minh City                           96                           0                  96              0.05
Jakarta                                   117                           0                 117              0.05
Jebel Ali                                 670                           0                 670              0.00
Kaohsiung                                 232                          28                 261              0.33
Laem Chabang                               91                           0                  91              0.02
Los Angeles                               243                           0                 243              0.00
New Jersey                                341                         133                 474              0.00
Piraeus                                   191                           0                 191              0.00
Qingdao                                   248                          48                 296              0.01
Rotterdam                                 355                           0                 355              0.00
Shanghai                                  719                       1,258               1,977              0.00
Shenzhen                                  446                         129                 575              0.00
Singapore                               1,263                       1,043               2,306              0.00
Tanger Med                                193                          59                 252              0.00
Tianjin                                   180                           0                 180              0.01
Xiamen                                    279                           0                 279              0.02
---------------------------------------------------------------------------------------------------------------
TOTAL                                   7,419                       2,958              10,377              0.51



============================================================
Shipment Being Transported Statistics
============================================================

Average TEUs in Transition by Demand Matrix
------------------------------------------------------------
Origin Dest       Busan         Cartagena     Colombo       Hamburg       Ho Chi Minh CityJakarta       Jebel Ali     Kaohsiung     Laem Chabang  Los Angeles   New Jersey    Piraeus       Qingdao       Rotterdam     Shanghai      Shenzhen      Singapore     Tanger Med    Tianjin       Xiamen        
----------------------------------------------------------------------------------------------------------------------------------------------------------------------------------------------------------------------------------------------------------------------------------------------------------
Busan             -             36            50            147           10            13            123           76            9             429           222           110           7             209           30            49            56            85            5             31            
Cartagena         28            -             57            35            19            18            65            14            13            99            36            35            40            57            120           115           62            36            19            34            
Colombo           81            39            -             128           14            22            59            59            18            132           101           87            82            233           153           183           32            108           23            62            
Hamburg           110           37            187           -             23            29            272           81            23            109           64            30            86            9             277           303           126           21            38            102           
Ho Chi Minh City  32            15            25            38            -             8             61            23            2             121           39            25            29            67            111           108           17            32            23            22            
Jakarta           38            17            36            47            4             -             75            26            4             161           39            54            37            75            121           140           6             41            18            35            
Jebel Ali         95            32            61            138           17            23            -             74            23            184           92            81            74            191           131           148           49            137           21            69            
Kaohsiung         15            25            25            96            9             11            47            -             7             286           88            50            14            91            41            31            29            38            8             15            
Laem Chabang      33            17            24            39            4             7             47            19            -             125           32            37            25            62            112           111           10            23            19            21            
Los Angeles       325           146           105           119           41            44            189           164           35            -             499           99            259           187           504           323           118           68            111           163           
New Jersey        100           43            156           78            24            20            108           74            25            452           -             53            78            89            290           243           73            20            37            83            
Piraeus           81            38            149           16            19            25            192           54            20            112           67            -             79            43            211           207           80            18            31            70            
Qingdao           64            40            34            94            7             13            65            7             8             426           112           69            -             113           6             17            31            56            40            0             
Rotterdam         136           46            319           4             41            50            376           109           36            178           102           25            128           -             414           408           148           26            65            147           
Shanghai          23            75            60            284           17            34            118           10            21            503           312           209           29            295           -             14            52            127           69            4             
Shenzhen          37            64            58            270           15            30            150           10            18            235           312           208           19            404           50            -             40            136           10            8             
Singapore         72            51            31            133           5             9             99            58            7             432           106           88            70            212           134           157           -             93            28            63            
Tanger Med        81            28            160           11            32            34            201           54            26            90            19            12            68            14            207           175           102           -             30            47            
Tianjin           44            27            26            84            5             6             58            10            6             183           88            65            2             130           9             11            29            39            -             0             
Xiamen            21            29            43            135           9             12            78            10            7             139           148           90            13            167           30            11            39            57            1             -             

Completed TEUs by Demand Matrix
------------------------------------------------------------
Origin Dest       Busan         Cartagena     Colombo       Hamburg       Ho Chi Minh CityJakarta       Jebel Ali     Kaohsiung     Laem Chabang  Los Angeles   New Jersey    Piraeus       Qingdao       Rotterdam     Shanghai      Shenzhen      Singapore     Tanger Med    Tianjin       Xiamen        
----------------------------------------------------------------------------------------------------------------------------------------------------------------------------------------------------------------------------------------------------------------------------------------------------------
Busan             -             53            315           242           56            56            485           1210          51            1059          421           248           387           389           956           540           388           163           223           243           
Cartagena         29            -             107           170           24            20            129           24            20            44            716           150           43            304           184           160           96            240           11            44            
Colombo           396           72            -             357           121           184           1039          224           140           181           310           375           358           636           1199          1165          750           335           72            270           
Hamburg           174           180           441           -             44            58            754           103           42            64            394           351           117           692           483           520           246           468           33            135           
Ho Chi Minh City  89            19            153           82            -             139           269           57            118           125           75            71            75            151           388           345           404           74            39            48            
Jakarta           110           26            220           99            105           -             347           64            82            173           93            154           104           161           509           505           314           82            37            97            
Jebel Ali         348           51            1066          448           93            143           -             230           124           234           211           380           252           620           702           693           566           517           49            238           
Kaohsiung         467           28            110           149           42            35            145           -             32            865           150           106           146           157           374           175           128           69            150           73            
Laem Chabang      87            22            141           87            57            156           213           41            -             130           67            118           67            151           397           373           350           58            33            51            
Los Angeles       601           56            150           97            58            51            229           279           49            -             315           82            449           134           1105          564           186           50            174           278           
New Jersey        151           751           382           556           42            38            238           102           41            292           -             288           113           668           518           431           149           198           51            109           
Piraeus           131           154           431           183           42            53            696           86            42            83            266           -             137           557           434           414           181           393           37            98            
Qingdao           351           62            211           185           44            67            276           198           45            1108          197           162           -             226           402           193           235           118           123           9             
Rotterdam         210           253           789           360           78            89            1116          135           60            117           715           321           184           -             740           682           302           727           67            191           
Shanghai          905           133           566           618           158           217           695           328           177           1380          705           562           711           642           -             492           693           300           494           194           
Shenzhen          588           113           679           619           177           235           1037          380           189           548           741           607           153           967           345           -             841           311           127           27            
Singapore         455           83            607           324           196           442           953           290           204           631           284           286           412           546           1640          1480          -             273           107           388           
Tanger Med        132           188           429           259           61            73            614           84            50            61            174           263           100           418           380           314           233           -             26            67            
Tianjin           229           40            163           162           32            25            252           99            31            409           155           152           160           264           379           124           212           92            -             11            
Xiamen            287           40            303           271           59            59            386           243           53            331           246           235           104           345           204           853           366           128           10            -             


============================================================
Service Route Capacity and Utilization Statistics
============================================================
Route     Name                                Avg Capacity TEU     Avg Carried TEU    Utilization
-------------------------------------------------------------------------------------------------
S1        Asia-Europe-NorthEurope                      178,975              14,582          8.15%
S2        Intra-EastAsia                                11,110                 279          2.51%
S3        SEA-Feeder                                     6,985                 244          3.49%
S4        Transpacific-WestCoast                       121,146               6,133          5.06%
S5        Asia-US-East                                 112,600               3,908          3.47%
S6        Transatlantic-SouthConnector                  22,799                 864          3.79%
S7        IndianOcean-MiddleEast                         7,416                 455          6.13%
-------------------------------------------------------------------------------------------------
TOTAL                                                  461,032              26,465          5.74%


============================================================
Vessel Statistics
============================================================
Metric                                            Average Count
---------------------------------------------------------------
Average vessels sailing                                   35.58
Average vessels waiting for berth at port                  0.51
Average vessels being served at berth                      1.77
---------------------------------------------------------------
TOTAL average active/port vessels                         37.87


Period Result Output: Period 15 (Days 71-75)
Output Simulation Day: 75
Simulation Running Time: 00:16:37

Simulation Progress: Day 80 / 100
Simulation Clock Time: 0001-05-11 00:00:00


============================================================
Shipment Waiting for Loading Statistics
============================================================

TEUs by Demand Matrix
------------------------------------------------------------
Origin Dest       Busan         Cartagena     Colombo       Hamburg       Ho Chi Minh CityJakarta       Jebel Ali     Kaohsiung     Laem Chabang  Los Angeles   New Jersey    Piraeus       Qingdao       Rotterdam     Shanghai      Shenzhen      Singapore     Tanger Med    Tianjin       Xiamen        
----------------------------------------------------------------------------------------------------------------------------------------------------------------------------------------------------------------------------------------------------------------------------------------------------------
Busan             -             3             14            14            2             3             28            76            2             78            19            11            17            18            45            23            19            9             15            13            
Cartagena         3             -             8             14            2             3             8             1             1             9             46            11            4             22            15            10            7             20            3             2             
Colombo           54            5             -             17            11            19            112           41            12            34            19            13            54            32            157           171           63            16            13            45            
Hamburg           7             16            19            -             2             2             30            8             2             8             38            17            7             33            20            21            10            22            3             6             
Ho Chi Minh City  2             1             5             3             -             6             10            3             4             7             3             3             3             6             10            10            17            3             1             2             
Jakarta           3             1             10            4             4             -             13            3             3             12            3             5             3             6             13            14            13            4             1             3             
Jebel Ali         41            8             109           21            10            11            -             33            13            44            22            17            30            30            80            83            51            25            6             32            
Kaohsiung         44            2             8             11            3             4             12            -             3             62            10            9             13            12            30            12            7             5             15            7             
Laem Chabang      2             1             6             3             2             7             7             2             -             7             3             4             2             5             12            10            14            2             2             2             
Los Angeles       29            7             7             5             2             3             12            15            2             -             25            5             22            10            41            26            8             4             7             11            
New Jersey        8             59            20            42            3             1             15            7             2             37            -             19            8             47            29            22            8             14            3             7             
Piraeus           5             7             16            9             1             2             23            6             2             7             15            -             5             25            18            16            8             20            2             6             
Qingdao           14            5             13            13            3             4             18            16            4             75            15            10            -             16            36            13            18            9             6             1             
Rotterdam         8             20            29            17            4             5             42            10            3             13            65            16            8             -             29            29            13            37            4             10            
Shanghai          136           9             23            26            7             10            32            29            8             88            45            25            103           29            -             21            32            12            78            16            
Shenzhen          34            8             28            30            7             10            47            33            9             44            49            26            8             45            19            -             38            15            6             2             
Singapore         71            7             55            16            8             18            88            58            9             159           18            14            73            21            268           226           -             11            22            73            
Tanger Med        5             16            17            13            3             3             25            4             2             6             15            12            5             21            17            13            9             -             2             4             
Tianjin           11            3             8             11            2             2             18            8             2             31            12            10            11            18            34            8             17            5             -             0             
Xiamen            21            3             19            17            3             3             27            21            4             25            22            15            7             23            13            66            24            9             1             -             

Port-Level Shipment Waiting and Vessel Queue Statistics

Port                       Origin Waiting TEU   Transshipment Waiting TEU   Total Waiting TEU   Vessels Waiting
---------------------------------------------------------------------------------------------------------------
Busan                                     410                         248                 658              0.01
Cartagena                                 190                           0                 190              0.00
Colombo                                   887                          17                 904              0.01
Hamburg                                   270                           0                 270              0.00
Ho Chi Minh City                           99                           0                  99              0.05
Jakarta                                   118                           0                 118              0.05
Jebel Ali                                 666                           0                 666              0.00
Kaohsiung                                 268                          26                 295              0.31
Laem Chabang                               94                           0                  94              0.02
Los Angeles                               241                           0                 241              0.00
New Jersey                                350                         136                 486              0.00
Piraeus                                   193                           0                 193              0.00
Qingdao                                   288                          51                 338              0.01
Rotterdam                                 361                           0                 361              0.00
Shanghai                                  730                       1,244               1,974              0.00
Shenzhen                                  457                         121                 578              0.00
Singapore                               1,212                       1,006               2,218              0.00
Tanger Med                                191                          57                 248              0.00
Tianjin                                   212                           0                 212              0.01
Xiamen                                    324                           0                 324              0.02
---------------------------------------------------------------------------------------------------------------
TOTAL                                   7,561                       2,906              10,467              0.49



============================================================
Shipment Being Transported Statistics
============================================================

Average TEUs in Transition by Demand Matrix
------------------------------------------------------------
Origin Dest       Busan         Cartagena     Colombo       Hamburg       Ho Chi Minh CityJakarta       Jebel Ali     Kaohsiung     Laem Chabang  Los Angeles   New Jersey    Piraeus       Qingdao       Rotterdam     Shanghai      Shenzhen      Singapore     Tanger Med    Tianjin       Xiamen        
----------------------------------------------------------------------------------------------------------------------------------------------------------------------------------------------------------------------------------------------------------------------------------------------------------
Busan             -             36            51            149           10            14            126           87            9             417           222           110           8             209           31            50            55            86            5             34            
Cartagena         28            -             56            34            18            18            63            13            12            99            34            34            40            55            118           113           61            34            20            34            
Colombo           77            40            -             129           14            21            63            55            18            126           101           85            79            233           149           177           30            107           23            63            
Hamburg           107           39            187           -             23            29            270           79            23            108           66            30            86            8             275           298           124           21            39            102           
Ho Chi Minh City  30            15            25            38            -             8             60            22            2             116           39            25            28            66            107           103           16            32            24            22            
Jakarta           36            18            36            47            4             -             75            25            4             154           39            54            35            75            115           135           6             41            18            35            
Jebel Ali         92            32            57            136           18            22            -             73            23            177           92            80            71            190           127           142           46            135           21            69            
Kaohsiung         16            25            24            95            8             11            45            -             7             276           86            49            14            90            39            29            27            37            8             15            
Laem Chabang      32            18            23            39            4             7             47            19            -             120           32            37            24            62            108           106           10            23            19            20            
Los Angeles       324           147           105           117           41            45            187           163           34            -             498           99            258           186           495           321           118           68            110           163           
New Jersey        99            47            156           76            24            20            107           74            24            448           -             51            78            87            289           240           73            19            37            83            
Piraeus           80            38            147           16            19            25            189           53            20            109           67            -             77            43            209           203           78            18            31            71            
Qingdao           60            40            32            91            7             13            62            7             7             411           109           68            -             111           5             16            29            55            39            0             
Rotterdam         134           47            317           4             41            50            371           107           36            175           102           25            126           -             409           405           146           26            65            146           
Shanghai          23            76            59            282           17            34            119           9             21            483           310           208           28            296           -             13            51            126           71            3             
Shenzhen          44            65            58            271           15            30            154           9             18            227           315           208           20            403           52            -             40            136           10            9             
Singapore         69            53            33            134           5             9             103           57            8             417           106           89            67            211           133           152           -             92            29            65            
Tanger Med        79            29            159           12            31            33            201           53            26            88            19            12            67            15            207           173           102           -             31            48            
Tianjin           42            26            24            83            5             6             56            9             5             178           86            63            2             127           8             11            27            38            -             0             
Xiamen            22            29            40            133           8             11            75            9             7             134           147           88            12            165           29            10            36            55            1             -             

Completed TEUs by Demand Matrix
------------------------------------------------------------
Origin Dest       Busan         Cartagena     Colombo       Hamburg       Ho Chi Minh CityJakarta       Jebel Ali     Kaohsiung     Laem Chabang  Los Angeles   New Jersey    Piraeus       Qingdao       Rotterdam     Shanghai      Shenzhen      Singapore     Tanger Med    Tianjin       Xiamen        
----------------------------------------------------------------------------------------------------------------------------------------------------------------------------------------------------------------------------------------------------------------------------------------------------------
Busan             -             53            315           242           56            66            552           1210          51            1172          455           248           417           423           1044          540           406           175           223           243           
Cartagena         38            -             107           205           24            22            140           24            20            58            716           168           54            343           184           160           105           258           11            44            
Colombo           407           72            -             357           121           220           1039          246           140           200           347           375           381           713           1199          1165          750           366           72            270           
Hamburg           188           180           441           -             44            60            835           112           42            78            512           378           129           692           483           520           268           508           33            135           
Ho Chi Minh City  92            19            174           82            -             146           269           61            118           136           96            71            86            164           388           345           434           82            39            48            
Jakarta           117           26            269           99            105           -             347           67            82            197           101           154           106           169           509           505           349           91            37            97            
Jebel Ali         377           51            1066          448           93            161           -             245           124           257           211           380           272           695           702           693           566           557           49            238           
Kaohsiung         467           28            110           149           42            39            161           -             32            913           168           106           146           177           374           175           128           79            150           73            
Laem Chabang      91            22            164           87            57            169           213           45            -             146           71            118           70            164           397           373           399           64            33            51            
Los Angeles       678           56            150           97            58            59            249           295           49            -             388           82            505           134           1201          564           203           50            174           278           
New Jersey        170           751           382           612           42            38            266           111           41            335           -             319           122           750           518           431           160           218           51            109           
Piraeus           144           154           431           183           42            60            746           90            42            93            324           -             144           610           434           414           205           445           37            98            
Qingdao           351           62            211           185           44            70            304           198           45            1244          249           162           -             226           402           193           235           118           123           9             
Rotterdam         220           253           789           360           78            99            1185          155           60            139           856           350           204           -             740           682           325           817           67            191           
Shanghai          958           133           566           618           158           238           752           328           177           1516          803           562           759           696           -             492           766           318           494           194           
Shenzhen          597           113           679           619           177           257           1145          380           189           604           840           607           153           1021          345           -             903           353           127           27            
Singapore         481           83            738           324           196           478           953           301           204           704           323           286           425           586           1640          1480          -             294           107           388           
Tanger Med        141           188           429           259           61            79            673           88            50            72            218           286           112           453           380           314           250           -             26            67            
Tianjin           229           40            163           162           32            29            280           99            31            455           196           152           160           264           379           124           212           92            -             11            
Xiamen            287           40            303           271           59            69            425           243           53            361           330           235           104           345           204           853           366           128           10            -             


============================================================
Service Route Capacity and Utilization Statistics
============================================================
Route     Name                                Avg Capacity TEU     Avg Carried TEU    Utilization
-------------------------------------------------------------------------------------------------
S1        Asia-Europe-NorthEurope                      179,813              14,480          8.05%
S2        Intra-EastAsia                                11,416                 272          2.39%
S3        SEA-Feeder                                     7,003                 242          3.46%
S4        Transpacific-WestCoast                       121,467               6,017          4.95%
S5        Asia-US-East                                 112,746               3,890          3.45%
S6        Transatlantic-SouthConnector                  22,789                 859          3.77%
S7        IndianOcean-MiddleEast                         7,432                 459          6.17%
-------------------------------------------------------------------------------------------------
TOTAL                                                  462,666              26,220          5.67%


============================================================
Vessel Statistics
============================================================
Metric                                            Average Count
---------------------------------------------------------------
Average vessels sailing                                   35.71
Average vessels waiting for berth at port                  0.49
Average vessels being served at berth                      1.74
---------------------------------------------------------------
TOTAL average active/port vessels                         37.94


Period Result Output: Period 16 (Days 76-80)
Output Simulation Day: 80
Simulation Running Time: 00:18:18

Simulation Progress: Day 85 / 100
Simulation Clock Time: 0001-05-16 00:00:00


============================================================
Shipment Waiting for Loading Statistics
============================================================

TEUs by Demand Matrix
------------------------------------------------------------
Origin Dest       Busan         Cartagena     Colombo       Hamburg       Ho Chi Minh CityJakarta       Jebel Ali     Kaohsiung     Laem Chabang  Los Angeles   New Jersey    Piraeus       Qingdao       Rotterdam     Shanghai      Shenzhen      Singapore     Tanger Med    Tianjin       Xiamen        
----------------------------------------------------------------------------------------------------------------------------------------------------------------------------------------------------------------------------------------------------------------------------------------------------------
Busan             -             3             13            14            2             3             27            74            2             77            19            11            17            18            44            23            19            8             15            13            
Cartagena         3             -             8             14            2             3             8             1             1             9             45            11            4             21            14            10            7             20            3             2             
Colombo           51            6             -             17            11            19            112           39            12            33            19            13            51            31            149           162           65            15            12            43            
Hamburg           7             15            18            -             2             2             30            8             2             8             37            17            6             33            19            20            10            22            3             6             
Ho Chi Minh City  2             1             5             3             -             6             10            3             4             7             3             3             3             6             10            10            16            3             1             2             
Jakarta           3             1             10            4             4             -             13            2             3             14            4             5             3             6             13            13            13            4             1             3             
Jebel Ali         39            7             106           20            10            11            -             32            13            44            22            16            29            30            77            80            49            26            6             31            
Kaohsiung         50            2             10            13            4             5             14            -             3             65            12            10            16            14            36            13            9             6             17            8             
Laem Chabang      2             1             6             3             2             7             7             2             -             8             3             4             2             5             12            10            14            2             2             2             
Los Angeles       30            7             8             6             2             3             13            15            3             -             26            5             23            10            43            28            9             4             7             11            
New Jersey        8             57            20            45            2             2             16            7             2             41            -             21            8             49            29            22            8             15            3             7             
Piraeus           5             7             16            9             1             2             23            6             2             9             15            -             5             24            18            16            8             20            2             6             
Qingdao           15            5             15            15            4             4             20            18            4             76            17            11            -             18            41            14            20            10            7             1             
Rotterdam         8             19            29            18            4             5             42            10            3             13            63            16            8             -             28            30            13            37            4             10            
Shanghai          129           8             23            26            7             10            32            28            8             93            44            24            98            29            -             20            32            12            74            19            
Shenzhen          35            8             28            30            8             10            47            38            9             52            49            25            8             45            21            -             38            15            6             2             
Singapore         67            7             55            16            8             17            90            55            9             157           18            14            70            22            256           215           -             12            21            70            
Tanger Med        5             16            17            13            3             3             25            4             2             7             15            13            5             22            17            13            9             -             2             4             
Tianjin           12            3             9             12            2             2             19            9             2             34            13            11            12            19            38            8             18            6             -             0             
Xiamen            25            4             21            20            3             4             33            25            5             30            26            18            8             28            15            78            28            11            1             -             

Port-Level Shipment Waiting and Vessel Queue Statistics

Port                       Origin Waiting TEU   Transshipment Waiting TEU   Total Waiting TEU   Vessels Waiting
---------------------------------------------------------------------------------------------------------------
Busan                                     403                         244                 647              0.01
Cartagena                                 186                           0                 186              0.00
Colombo                                   860                          16                 876              0.01
Hamburg                                   265                           0                 265              0.00
Ho Chi Minh City                           98                           0                  98              0.05
Jakarta                                   119                           0                 119              0.05
Jebel Ali                                 649                           0                 649              0.00
Kaohsiung                                 306                          25                 331              0.29
Laem Chabang                               93                           0                  93              0.02
Los Angeles                               251                           0                 251              0.00
New Jersey                                361                         131                 492              0.00
Piraeus                                   194                           0                 194              0.00
Qingdao                                   316                          54                 370              0.01
Rotterdam                                 358                           0                 358              0.00
Shanghai                                  715                       1,235               1,950              0.00
Shenzhen                                  475                         128                 603              0.00
Singapore                               1,179                         977               2,156              0.00
Tanger Med                                193                          54                 247              0.00
Tianjin                                   232                           0                 232              0.01
Xiamen                                    383                           0                 383              0.02
---------------------------------------------------------------------------------------------------------------
TOTAL                                   7,635                       2,865              10,500              0.47



============================================================
Shipment Being Transported Statistics
============================================================

Average TEUs in Transition by Demand Matrix
------------------------------------------------------------
Origin Dest       Busan         Cartagena     Colombo       Hamburg       Ho Chi Minh CityJakarta       Jebel Ali     Kaohsiung     Laem Chabang  Los Angeles   New Jersey    Piraeus       Qingdao       Rotterdam     Shanghai      Shenzhen      Singapore     Tanger Med    Tianjin       Xiamen        
----------------------------------------------------------------------------------------------------------------------------------------------------------------------------------------------------------------------------------------------------------------------------------------------------------
Busan             -             37            52            151           10            14            127           103           9             421           223           111           8             208           31            51            56            87            6             38            
Cartagena         28            -             57            35            18            18            63            13            12            100           38            33            40            54            119           111           61            35            21            33            
Colombo           76            40            -             130           13            20            64            54            17            123           101           84            77            231           144           173           28            107           23            65            
Hamburg           105           39            186           -             22            29            269           79            23            109           65            30            86            8             274           296           123           21            40            102           
Ho Chi Minh City  29            16            25            38            -             8             60            21            2             113           39            25            27            66            104           100           17            32            23            23            
Jakarta           34            18            35            47            4             -             74            24            4             149           39            53            34            75            110           130           7             41            18            34            
Jebel Ali         91            33            62            135           18            22            -             72            23            171           92            80            69            186           123           139           48            136           21            70            
Kaohsiung         15            25            23            92            8             10            42            -             7             273           83            48            13            88            38            28            26            36            8             15            
Laem Chabang      31            18            24            39            4             7             47            18            -             117           33            37            23            61            105           102           10            23            19            20            
Los Angeles       319           147           104           116           41            45            186           162           34            -             496           99            255           186           484           318           117           68            109           164           
New Jersey        99            47            158           72            23            20            105           74            24            445           -             48            79            83            288           238           74            18            37            83            
Piraeus           79            38            145           16            19            25            186           53            19            107           65            -             75            42            208           200           77            19            31            73            
Qingdao           57            39            31            90            6             12            59            7             7             406           106           67            -             111           7             16            29            56            38            0             
Rotterdam         133           47            315           4             41            51            368           107           36            173           102           25            125           -             402           404           145           27            65            147           
Shanghai          22            77            59            281           17            34            121           15            21            475           309           208           28            296           -             14            53            127           74            3             
Shenzhen          50            66            57            271           15            29            157           9             18            219           318           207           21            403           53            -             41            136           11            10            
Singapore         67            54            31            134           4             9             100           57            8             405           107           90            65            210           128           147           -             91            29            67            
Tanger Med        78            30            157           11            30            33            201           53            26            87            19            12            66            14            206           172           102           -             31            49            
Tianjin           40            26            23            83            5             6             54            10            5             176           84            62            2             125           11            11            28            38            -             0             
Xiamen            22            29            38            130           8             10            70            9             6             129           143           86            12            163           28            10            34            54            1             -             

Completed TEUs by Demand Matrix
------------------------------------------------------------
Origin Dest       Busan         Cartagena     Colombo       Hamburg       Ho Chi Minh CityJakarta       Jebel Ali     Kaohsiung     Laem Chabang  Los Angeles   New Jersey    Piraeus       Qingdao       Rotterdam     Shanghai      Shenzhen      Singapore     Tanger Med    Tianjin       Xiamen        
----------------------------------------------------------------------------------------------------------------------------------------------------------------------------------------------------------------------------------------------------------------------------------------------------------
Busan             -             64            328           269           59            74            608           1221          55            1294          501           271           443           423           1101          600           406           175           281           243           
Cartagena         38            -             107           205           25            22            140           24            20            64            826           168           54            343           187           181           105           258           23            44            
Colombo           407           103           -             386           139           220           1293          247           157           215           381           398           381           713           1284          1258          750           366           87            270           
Hamburg           188           244           490           -             46            60            896           123           43            87            543           378           129           758           536           552           292           557           49            135           
Ho Chi Minh City  92            31            174           91            -             163           306           64            131           147           109           75            86            164           407           363           475           82            57            48            
Jakarta           117           38            269           107           113           -             409           69            84            212           105           162           106           169           532           536           349           91            47            97            
Jebel Ali         377           61            1066          497           121           161           -             260           147           271           260           421           272           695           743           726           566           557           65            238           
Kaohsiung         497           40            110           169           42            39            161           -             32            990           180           117           146           177           374           175           128           79            160           73            
Laem Chabang      91            33            164           96            61            181           261           49            -             160           79            129           70            164           427           386           445           64            47            51            
Los Angeles       755           112           165           97            63            65            269           324           50            -             468           98            560           134           1235          674           203           50            229           278           
New Jersey        170           937           382           612           45            38            266           118           46            399           -             319           122           750           568           460           160           218           62            109           
Piraeus           144           180           464           203           43            60            797           100           44            106           355           -             144           610           467           444           221           445           50            98            
Qingdao           351           83            211           185           44            70            304           198           45            1320          249           183           -             226           402           193           235           118           139           9             
Rotterdam         220           312           845           395           81            99            1266          165           69            154           897           350           204           -             817           743           358           890           94            191           
Shanghai          1020          181           600           661           176           258           834           345           188           1625          883           642           795           696           -             545           766           318           640           194           
Shenzhen          622           149           735           678           188           274           1274          380           205           659           910           654           153           1021          386           -             903           353           133           27            
Singapore         481           123           738           350           209           504           1113          301           240           771           339           319           425           586           1769          1570          -             294           137           388           
Tanger Med        141           239           464           294           69            79            710           91            53            78            227           286           112           453           412           348           266           -             44            67            
Tianjin           229           54            163           162           32            29            280           99            31            492           196           169           201           264           379           124           212           92            -             11            
Xiamen            287           60            303           271           59            69            425           243           53            391           330           259           104           345           226           853           366           128           10            -             


============================================================
Service Route Capacity and Utilization Statistics
============================================================
Route     Name                                Avg Capacity TEU     Avg Carried TEU    Utilization
-------------------------------------------------------------------------------------------------
S1        Asia-Europe-NorthEurope                      180,301              14,383          7.98%
S2        Intra-EastAsia                                11,494                 284          2.47%
S3        SEA-Feeder                                     7,003                 244          3.49%
S4        Transpacific-WestCoast                       121,694               5,922          4.87%
S5        Asia-US-East                                 112,860               3,876          3.43%
S6        Transatlantic-SouthConnector                  22,758                 862          3.79%
S7        IndianOcean-MiddleEast                         7,436                 458          6.15%
-------------------------------------------------------------------------------------------------
TOTAL                                                  463,546              26,030          5.62%


============================================================
Vessel Statistics
============================================================
Metric                                            Average Count
---------------------------------------------------------------
Average vessels sailing                                   35.77
Average vessels waiting for berth at port                  0.47
Average vessels being served at berth                      1.76
---------------------------------------------------------------
TOTAL average active/port vessels                         38.00


Period Result Output: Period 17 (Days 81-85)
Output Simulation Day: 85
Simulation Running Time: 00:19:22

Simulation Progress: Day 90 / 100
Simulation Clock Time: 0001-05-21 00:00:00


============================================================
Shipment Waiting for Loading Statistics
============================================================

TEUs by Demand Matrix
------------------------------------------------------------
Origin Dest       Busan         Cartagena     Colombo       Hamburg       Ho Chi Minh CityJakarta       Jebel Ali     Kaohsiung     Laem Chabang  Los Angeles   New Jersey    Piraeus       Qingdao       Rotterdam     Shanghai      Shenzhen      Singapore     Tanger Med    Tianjin       Xiamen        
----------------------------------------------------------------------------------------------------------------------------------------------------------------------------------------------------------------------------------------------------------------------------------------------------------
Busan             -             3             13            14            2             3             27            73            2             75            19            11            17            18            44            22            18            8             16            12            
Cartagena         3             -             8             14            2             3             7             1             1             9             44            10            4             21            14            10            6             19            3             2             
Colombo           49            6             -             17            11            18            115           38            12            31            19            13            49            31            143           154           63            15            12            41            
Hamburg           7             15            19            -             2             2             29            8             2             8             38            17            6             33            20            21            10            23            3             6             
Ho Chi Minh City  2             1             5             3             -             6             10            3             4             6             3             3             3             6             10            10            16            3             2             2             
Jakarta           3             1             10            4             4             -             13            3             3             13            4             5             3             7             13            13            13            4             1             3             
Jebel Ali         38            7             104           20            10            11            -             31            13            42            21            16            28            29            74            77            49            26            6             30            
Kaohsiung         54            2             11            14            4             5             15            -             4             63            13            11            17            15            39            14            9             6             18            9             
Laem Chabang      2             1             6             3             2             7             8             2             -             8             3             4             2             5             11            10            15            2             2             2             
Los Angeles       29            7             8             6             2             3             13            14            2             -             25            5             22            10            43            27            9             4             7             11            
New Jersey        8             57            20            43            2             2             15            7             2             41            -             20            8             47            29            21            8             14            3             7             
Piraeus           5             7             15            9             1             2             23            6             2             9             15            -             5             24            18            16            8             20            2             6             
Qingdao           15            5             14            14            4             4             20            17            4             74            17            11            -             18            40            13            19            10            7             1             
Rotterdam         9             20            29            18            4             5             42            10            3             13            66            16            8             -             28            31            14            38            4             10            
Shanghai          124           9             23            26            7             10            32            27            8             91            44            25            94            30            -             21            33            12            70            18            
Shenzhen          35            8             28            31            8             11            49            39            9             54            49            26            8             46            21            -             39            15            6             2             
Singapore         64            7             55            16            8             18            92            53            9             151           17            14            67            22            245           206           -             11            20            67            
Tanger Med        5             16            16            13            3             3             24            4             2             7             15            13            5             21            17            13            9             -             2             3             
Tianjin           12            3             9             12            2             2             19            9             2             33            13            11            12            19            37            8             18            6             -             0             
Xiamen            25            4             22            20            3             4             33            25            5             30            27            18            8             28            15            79            28            11            1             -             

Port-Level Shipment Waiting and Vessel Queue Statistics

Port                       Origin Waiting TEU   Transshipment Waiting TEU   Total Waiting TEU   Vessels Waiting
---------------------------------------------------------------------------------------------------------------
Busan                                     397                         236                 633              0.01
Cartagena                                 181                           0                 181              0.00
Colombo                                   836                          17                 853              0.01
Hamburg                                   268                           0                 268              0.00
Ho Chi Minh City                           97                           0                  97              0.05
Jakarta                                   120                           0                 120              0.05
Jebel Ali                                 633                           0                 633              0.00
Kaohsiung                                 321                          24                 345              0.28
Laem Chabang                               94                           0                  94              0.02
Los Angeles                               247                           0                 247              0.00
New Jersey                                353                         139                 493              0.00
Piraeus                                   193                           0                 193              0.00
Qingdao                                   307                          53                 360              0.01
Rotterdam                                 366                           0                 366              0.00
Shanghai                                  702                       1,248               1,950              0.00
Shenzhen                                  485                         157                 643              0.00
Singapore                               1,141                         954               2,095              0.00
Tanger Med                                192                          53                 245              0.00
Tianjin                                   227                           0                 227              0.01
Xiamen                                    385                           0                 385              0.02
---------------------------------------------------------------------------------------------------------------
TOTAL                                   7,545                       2,883              10,428              0.46



============================================================
Shipment Being Transported Statistics
============================================================

Average TEUs in Transition by Demand Matrix
------------------------------------------------------------
Origin Dest       Busan         Cartagena     Colombo       Hamburg       Ho Chi Minh CityJakarta       Jebel Ali     Kaohsiung     Laem Chabang  Los Angeles   New Jersey    Piraeus       Qingdao       Rotterdam     Shanghai      Shenzhen      Singapore     Tanger Med    Tianjin       Xiamen        
----------------------------------------------------------------------------------------------------------------------------------------------------------------------------------------------------------------------------------------------------------------------------------------------------------
Busan             -             37            54            152           10            14            126           118           9             424           223           111           7             207           30            52            57            87            5             39            
Cartagena         27            -             59            36            18            19            63            13            12            101           37            34            40            54            120           110           61            37            21            33            
Colombo           73            41            -             131           14            20            61            54            17            119           101           83            74            229           139           169           31            106           23            65            
Hamburg           104           38            185           -             22            29            267           79            23            109           64            30            86            8             273           294           122           22            41            100           
Ho Chi Minh City  28            16            25            38            -             8             60            21            2             111           38            25            26            65            102           99            17            31            23            22            
Jakarta           33            18            36            48            4             -             72            23            4             146           40            53            33            76            106           125           6             41            18            33            
Jebel Ali         90            33            59            133           18            22            -             73            23            169           91            79            67            186           120           136           49            137           21            69            
Kaohsiung         19            24            23            91            8             10            41            -             7             276           82            47            14            87            39            28            25            35            9             15            
Laem Chabang      30            17            24            40            4             7             46            18            -             115           33            36            22            61            102           100           11            23            19            20            
Los Angeles       316           147           103           116           40            45            185           162           34            -             494           99            252           186           476           315           116           68            107           162           
New Jersey        99            46            159           75            23            20            107           74            24            445           -             49            79            85            288           237           75            19            37            83            
Piraeus           78            37            143           16            18            25            183           52            19            106           64            -             74            42            208           198           77            19            31            73            
Qingdao           57            39            32            91            7             12            60            10            7             405           107           67            -             113           8             18            31            57            37            0             
Rotterdam         132           46            312           5             40            51            364           106           36            172           100           24            124           -             396           403           143           27            64            146           
Shanghai          21            76            60            280           18            33            121           20            21            474           304           206           27            297           -             14            52            127           71            5             
Shenzhen          54            65            57            271           15            28            155           11            18            216           319           205           21            403           55            -             39            134           12            10            
Singapore         64            55            31            135           4             9             98            57            8             399           108           90            64            210           125           143           -             91            28            68            
Tanger Med        76            29            155           12            30            33            201           52            26            86            19            11            64            15            206           170           103           -             30            49            
Tianjin           41            25            24            84            5             6             56            11            5             176           84            63            2             126           12            12            30            38            -             0             
Xiamen            25            29            39            131           8             10            73            11            7             129           145           85            13            165           28            14            37            54            1             -             

Completed TEUs by Demand Matrix
------------------------------------------------------------
Origin Dest       Busan         Cartagena     Colombo       Hamburg       Ho Chi Minh CityJakarta       Jebel Ali     Kaohsiung     Laem Chabang  Los Angeles   New Jersey    Piraeus       Qingdao       Rotterdam     Shanghai      Shenzhen      Singapore     Tanger Med    Tianjin       Xiamen        
----------------------------------------------------------------------------------------------------------------------------------------------------------------------------------------------------------------------------------------------------------------------------------------------------------
Busan             -             64            369           303           59            74            608           1553          55            1294          501           290           469           459           1157          600           440           191           281           342           
Cartagena         42            -             119           205           25            22            140           24            20            64            859           168           59            343           187           181           105           258           23            54            
Colombo           435           103           -             433           139           220           1293          247           157           215           381           411           406           805           1332          1258          873           401           87            350           
Hamburg           194           244           520           -             49            60            896           134           47            87            597           410           144           806           583           552           292           557           49            176           
Ho Chi Minh City  95            31            174           98            -             163           306           64            138           147           109           85            91            175           468           363           514           92            57            68            
Jakarta           121           38            269           114           121           -             409           69            90            212           105           171           113           183           554           536           379           98            47            121           
Jebel Ali         401           61            1264          525           121           161           -             260           147           271           260           442           283           749           778           726           671           612           65            289           
Kaohsiung         497           40            110           183           42            39            161           -             32            990           180           123           149           184           387           175           128           88            160           80            
Laem Chabang      100           33            164           103           66            181           261           49            -             160           79            135           73            176           478           386           490           69            47            63            
Los Angeles       792           112           193           123           63            65            269           363           50            -             468           98            580           174           1288          674           233           62            229           366           
New Jersey        181           937           448           612           45            38            266           118           46            399           -             319           132           750           568           460           160           218           62            143           
Piraeus           161           180           507           224           46            60            797           105           47            106           371           -             147           649           508           444           221           499           50            134           
Qingdao           351           83            211           199           44            70            304           205           45            1320          249           200           -             247           565           193           235           133           139           12            
Rotterdam         233           312           910           447           86            99            1266          184           73            154           986           373           220           -             872           743           358           890           94            252           
Shanghai          1050          181           663           719           176           258           834           487           188           1625          883           669           818           748           -             545           847           350           640           268           
Shenzhen          687           149           796           752           188           274           1274          535           205           659           910           695           177           1113          430           -             1007          391           133           38            
Singapore         505           123           738           387           222           504           1113          345           263           771           339           347           444           632           1881          1570          -             312           137           486           
Tanger Med        149           239           498           320           75            79            710           98            55            78            251           314           121           506           460           348           266           -             44            88            
Tianjin           229           54            163           181           32            29            280           106           31            492           196           179           201           284           537           124           212           99            -             14            
Xiamen            322           60            303           304           59            69            425           343           53            391           330           274           108           392           226           1164          366           139           10            -             


============================================================
Service Route Capacity and Utilization Statistics
============================================================
Route     Name                                Avg Capacity TEU     Avg Carried TEU    Utilization
-------------------------------------------------------------------------------------------------
S1        Asia-Europe-NorthEurope                      180,792              14,311          7.92%
S2        Intra-EastAsia                                11,499                 316          2.75%
S3        SEA-Feeder                                     7,004                 243          3.47%
S4        Transpacific-WestCoast                       121,932               5,862          4.81%
S5        Asia-US-East                                 113,038               3,865          3.42%
S6        Transatlantic-SouthConnector                  22,793                 869          3.81%
S7        IndianOcean-MiddleEast                         7,423                 453          6.10%
-------------------------------------------------------------------------------------------------
TOTAL                                                  464,479              25,919          5.58%


============================================================
Vessel Statistics
============================================================
Metric                                            Average Count
---------------------------------------------------------------
Average vessels sailing                                   35.83
Average vessels waiting for berth at port                  0.46
Average vessels being served at berth                      1.76
---------------------------------------------------------------
TOTAL average active/port vessels                         38.06


Period Result Output: Period 18 (Days 86-90)
Output Simulation Day: 90
Simulation Running Time: 00:20:27

Simulation Progress: Day 95 / 100
Simulation Clock Time: 0001-05-26 00:00:00


============================================================
Shipment Waiting for Loading Statistics
============================================================

TEUs by Demand Matrix
------------------------------------------------------------
Origin Dest       Busan         Cartagena     Colombo       Hamburg       Ho Chi Minh CityJakarta       Jebel Ali     Kaohsiung     Laem Chabang  Los Angeles   New Jersey    Piraeus       Qingdao       Rotterdam     Shanghai      Shenzhen      Singapore     Tanger Med    Tianjin       Xiamen        
----------------------------------------------------------------------------------------------------------------------------------------------------------------------------------------------------------------------------------------------------------------------------------------------------------
Busan             -             3             13            13            2             3             26            73            2             73            19            11            17            17            43            22            18            8             15            12            
Cartagena         3             -             8             14            2             3             7             2             1             9             43            10            4             20            14            10            6             19            3             2             
Colombo           47            6             -             17            11            18            113           36            13            30            19            13            48            32            139           149           64            15            11            39            
Hamburg           7             16            18            -             2             2             28            8             2             8             41            17            6             32            20            20            9             23            3             6             
Ho Chi Minh City  2             1             5             3             -             6             10            3             4             6             3             3             3             5             10            10            16            3             2             2             
Jakarta           3             1             10            4             4             -             13            2             3             13            4             5             3             7             13            13            13            4             1             3             
Jebel Ali         37            8             108           20            11            11            -             30            13            41            22            16            27            30            71            74            50            26            6             29            
Kaohsiung         52            2             10            14            4             5             14            -             4             60            12            10            17            14            37            14            9             6             18            8             
Laem Chabang      2             1             6             3             2             7             8             1             -             8             3             4             2             6             11            10            14            2             2             2             
Los Angeles       31            7             9             6             3             3             14            15            3             -             26            5             23            11            47            28            9             4             7             11            
New Jersey        8             56            20            42            2             2             15            7             2             40            -             20            8             46            28            21            7             15            2             7             
Piraeus           5             7             16            9             1             2             24            5             2             9             15            -             5             25            18            16            8             20            2             5             
Qingdao           15            5             14            14            4             4             19            16            4             72            16            11            -             17            40            13            19            9             7             1             
Rotterdam         9             21            28            18            4             5             41            10            3             13            71            16            8             -             28            30            13            38            4             9             
Shanghai          119           9             24            26            7             10            33            26            7             89            46            25            90            32            -             21            33            13            67            18            
Shenzhen          36            10            28            31            8             10            48            39            9             54            52            25            9             46            21            -             39            14            6             3             
Singapore         61            7             54            16            8             18            90            50            9             144           18            14            64            23            234           197           -             12            19            64            
Tanger Med        5             17            16            13            3             3             23            4             2             7             16            13            5             21            17            13            9             -             2             3             
Tianjin           12            3             8             12            2             2             19            8             2             33            13            11            12            18            36            8             18            6             -             0             
Xiamen            25            4             22            20            4             3             33            25            5             30            26            18            8             28            15            79            28            10            1             -             

Port-Level Shipment Waiting and Vessel Queue Statistics

Port                       Origin Waiting TEU   Transshipment Waiting TEU   Total Waiting TEU   Vessels Waiting
---------------------------------------------------------------------------------------------------------------
Busan                                     392                         231                 623              0.01
Cartagena                                 179                           0                 179              0.00
Colombo                                   819                          16                 835              0.01
Hamburg                                   267                           0                 267              0.00
Ho Chi Minh City                           97                           0                  97              0.05
Jakarta                                   118                           0                 118              0.05
Jebel Ali                                 630                           0                 630              0.00
Kaohsiung                                 312                          22                 335              0.27
Laem Chabang                               95                           0                  95              0.02
Los Angeles                               260                           0                 260              0.00
New Jersey                                347                         137                 483              0.00
Piraeus                                   196                           0                 196              0.00
Qingdao                                   301                          53                 354              0.01
Rotterdam                                 368                           0                 368              0.00
Shanghai                                  695                       1,240               1,935              0.00
Shenzhen                                  486                         176                 662              0.00
Singapore                               1,102                         931               2,033              0.00
Tanger Med                                192                          59                 251              0.00
Tianjin                                   223                           0                 223              0.01
Xiamen                                    384                           0                 384              0.02
---------------------------------------------------------------------------------------------------------------
TOTAL                                   7,463                       2,865              10,328              0.45



============================================================
Shipment Being Transported Statistics
============================================================

Average TEUs in Transition by Demand Matrix
------------------------------------------------------------
Origin Dest       Busan         Cartagena     Colombo       Hamburg       Ho Chi Minh CityJakarta       Jebel Ali     Kaohsiung     Laem Chabang  Los Angeles   New Jersey    Piraeus       Qingdao       Rotterdam     Shanghai      Shenzhen      Singapore     Tanger Med    Tianjin       Xiamen        
----------------------------------------------------------------------------------------------------------------------------------------------------------------------------------------------------------------------------------------------------------------------------------------------------------
Busan             -             37            55            153           10            14            126           123           10            430           223           111           8             206           31            51            58            87            6             38            
Cartagena         27            -             60            38            18            19            63            14            12            103           37            34            40            55            122           110           61            37            21            33            
Colombo           71            42            -             131           14            20            65            55            18            116           100           82            72            226           135           163           30            105           23            63            
Hamburg           103           37            186           -             21            29            265           79            23            111           61            30            85            8             273           292           120           23            41            99            
Ho Chi Minh City  27            16            25            37            -             8             60            21            2             109           38            25            25            65            98            96            17            31            22            22            
Jakarta           32            18            35            48            4             -             73            23            4             144           40            54            32            77            103           121           6             41            17            32            
Jebel Ali         88            34            56            132           18            21            -             74            23            168           91            79            65            184           118           133           47            137           21            69            
Kaohsiung         19            24            24            90            8             11            42            -             7             281           81            48            15            87            43            29            26            35            10            16            
Laem Chabang      29            17            24            40            4             7             46            18            -             113           32            36            21            61            97            96            11            24            19            20            
Los Angeles       312           145           102           115           40            45            182           159           34            -             492           99            249           185           467           312           115           68            104           159           
New Jersey        100           46            159           78            23            20            108           75            23            448           -             51            80            87            290           238           75            20            36            83            
Piraeus           77            37            141           16            18            25            181           52            19            105           64            -             73            40            207           196           76            18            31            72            
Qingdao           55            39            34            92            7             13            62            13            8             408           107           67            -             114           8             17            33            57            38            0             
Rotterdam         131           45            310           5             40            52            363           106           36            172           95            25            122           -             391           402           143           28            64            145           
Shanghai          21            76            60            277           18            32            120           19            22            478           298           205           26            298           -             14            53            128           69            5             
Shenzhen          54            64            56            272           17            28            156           11            19            218           317           205           21            405           56            -             40            133           12            11            
Singapore         62            55            32            134           4             9             104           56            8             396           107           90            63            210           123           140           -             90            28            68            
Tanger Med        75            28            154           12            29            33            201           52            26            86            18            12            63            14            204           169           103           -             30            49            
Tianjin           41            25            25            84            6             7             58            12            5             179           84            63            2             126           12            12            32            38            -             0             
Xiamen            28            29            42            132           8             11            77            11            8             130           147           86            14            166           30            14            40            54            1             -             

Completed TEUs by Demand Matrix
------------------------------------------------------------
Origin Dest       Busan         Cartagena     Colombo       Hamburg       Ho Chi Minh CityJakarta       Jebel Ali     Kaohsiung     Laem Chabang  Los Angeles   New Jersey    Piraeus       Qingdao       Rotterdam     Shanghai      Shenzhen      Singapore     Tanger Med    Tianjin       Xiamen        
----------------------------------------------------------------------------------------------------------------------------------------------------------------------------------------------------------------------------------------------------------------------------------------------------------
Busan             -             74            369           330           67            77            660           1687          58            1294          537           320           500           501           1235          670           507           211           312           374           
Cartagena         42            -             119           250           30            22            164           24            21            64            859           168           59            386           187           181           117           313           23            54            
Colombo           455           116           -             463           160           247           1293          249           183           215           415           432           428           831           1332          1328          873           427           95            368           
Hamburg           203           262           520           -             52            62            961           134           52            87            597           446           156           863           583           599           315           631           54            187           
Ho Chi Minh City  100           33            193           105           -             180           306           64            150           147           117           93            99            188           468           407           514           96            62            80            
Jakarta           124           38            314           121           129           -             409           69            99            212           115           183           118           202           554           570           403           108           51            126           
Jebel Ali         441           71            1264          553           146           181           -             260           172           271           260           484           297           781           778           770           671           643           69            316           
Kaohsiung         686           43            110           202           42            39            161           -             32            990           194           135           219           209           540           181           130           90            228           115           
Laem Chabang      108           37            193           113           73            193           261           49            -             160           88            144           80            185           478           426           490           73            51            72            
Los Angeles       818           124           193           123           77            83            329           382           60            -             468           105           601           174           1288          705           240           62            237           382           
New Jersey        181           1019          448           732           52            38            302           118           53            399           -             319           132           861           568           460           190           259           65            143           
Piraeus           167           198           507           239           52            66            842           105           49            106           371           -             156           671           508           471           234           530           54            145           
Qingdao           405           83            211           220           44            70            304           220           45            1320          274           210           -             275           635           240           312           150           139           14            
Rotterdam         258           340           910           476           93            108           1336          184           84            154           986           422           235           -             872           817           382           1002          104           267           
Shanghai          1093          188           663           767           198           274           917           523           207           1625          940           724           860           787           -             589           934           368           663           291           
Shenzhen          795           165           796           794           211           287           1398          535           229           659           997           778           201           1182          489           -             1086          415           152           55            
Singapore         526           136           839           412           241           550           1113          353           283           771           385           381           479           675           1881          1649          -             325           144           530           
Tanger Med        158           261           498           342           78            86            783           98            64            78            251           337           132           528           460           369           285           -             47            91            
Tianjin           287           54            163           202           32            29            280           106           31            492           211           195           226           308           585           162           289           108           -             15            
Xiamen            355           60            303           338           59            69            425           343           53            391           369           299           116           432           247           1164          479           152           12            -             


============================================================
Service Route Capacity and Utilization Statistics
============================================================
Route     Name                                Avg Capacity TEU     Avg Carried TEU    Utilization
-------------------------------------------------------------------------------------------------
S1        Asia-Europe-NorthEurope                      181,199              14,275          7.88%
S2        Intra-EastAsia                                11,533                 316          2.74%
S3        SEA-Feeder                                     6,990                 244          3.49%
S4        Transpacific-WestCoast                       122,197               5,854          4.79%
S5        Asia-US-East                                 113,190               3,855          3.41%
S6        Transatlantic-SouthConnector                  22,795                 862          3.78%
S7        IndianOcean-MiddleEast                         7,436                 456          6.13%
-------------------------------------------------------------------------------------------------
TOTAL                                                  465,340              25,862          5.56%


============================================================
Vessel Statistics
============================================================
Metric                                            Average Count
---------------------------------------------------------------
Average vessels sailing                                   35.89
Average vessels waiting for berth at port                  0.45
Average vessels being served at berth                      1.77
---------------------------------------------------------------
TOTAL average active/port vessels                         38.11


Period Result Output: Period 19 (Days 91-95)
Output Simulation Day: 95
Simulation Running Time: 00:21:26

Simulation Progress: Day 100 / 100
Simulation Clock Time: 0001-05-31 00:00:00


============================================================
Shipment Waiting for Loading Statistics
============================================================

TEUs by Demand Matrix
------------------------------------------------------------
Origin Dest       Busan         Cartagena     Colombo       Hamburg       Ho Chi Minh CityJakarta       Jebel Ali     Kaohsiung     Laem Chabang  Los Angeles   New Jersey    Piraeus       Qingdao       Rotterdam     Shanghai      Shenzhen      Singapore     Tanger Med    Tianjin       Xiamen        
----------------------------------------------------------------------------------------------------------------------------------------------------------------------------------------------------------------------------------------------------------------------------------------------------------
Busan             -             3             14            14            3             3             28            76            2             76            20            11            17            18            46            24            19            9             15            12            
Cartagena         3             -             8             14            2             3             7             2             1             8             43            11            4             20            14            9             6             19            3             2             
Colombo           46            6             -             17            11            18            112           35            14            29            19            13            46            32            133           143           66            15            11            37            
Hamburg           7             15            18            -             2             2             28            8             2             8             40            17            6             33            20            21            9             23            3             6             
Ho Chi Minh City  2             1             5             3             -             6             11            3             4             6             3             3             2             6             10            10            16            3             2             2             
Jakarta           3             1             9             4             4             -             13            2             3             13            4             5             3             7             13            13            12            3             1             3             
Jebel Ali         36            7             105           21            11            11            -             29            12            39            21            16            26            30            69            72            48            27            6             28            
Kaohsiung         51            2             10            13            4             5             14            -             3             59            12            10            17            14            36            14            9             6             17            8             
Laem Chabang      2             1             6             3             2             7             8             1             -             8             3             4             2             5             11            10            14            2             2             1             
Los Angeles       33            7             10            6             3             3             15            15            3             -             28            5             26            12            53            31            11            5             8             12            
New Jersey        8             57            19            42            2             1             15            7             2             38            -             19            8             46            27            20            7             15            2             7             
Piraeus           5             7             15            9             1             2             23            5             2             9             15            -             5             24            18            16            8             20            2             5             
Qingdao           15            5             14            14            4             4             19            16            4             72            17            11            -             18            40            13            19            9             8             1             
Rotterdam         9             21            29            18            4             5             43            10            3             12            70            16            8             -             28            30            13            38            4             9             
Shanghai          116           9             24            25            7             9             33            26            7             88            46            24            87            31            -             21            33            12            65            18            
Shenzhen          35            10            28            31            8             10            48            37            8             52            53            25            8             45            21            -             39            14            6             2             
Singapore         59            7             55            16            8             18            92            48            9             139           20            15            62            23            227           191           -             11            18            62            
Tanger Med        5             17            16            13            3             3             23            4             2             6             17            13            5             21            17            13            9             -             2             4             
Tianjin           12            3             8             11            2             2             19            8             2             33            13            10            12            18            35            8             18            6             -             0             
Xiamen            24            4             21            20            3             3             32            24            5             29            26            17            8             27            15            77            27            10            1             -             

Port-Level Shipment Waiting and Vessel Queue Statistics

Port                       Origin Waiting TEU   Transshipment Waiting TEU   Total Waiting TEU   Vessels Waiting
---------------------------------------------------------------------------------------------------------------
Busan                                     409                         229                 638              0.01
Cartagena                                 179                           0                 179              0.00
Colombo                                   803                          16                 818              0.01
Hamburg                                   267                           0                 267              0.00
Ho Chi Minh City                           98                           0                  98              0.05
Jakarta                                   116                           0                 116              0.05
Jebel Ali                                 614                           0                 614              0.00
Kaohsiung                                 304                          25                 329              0.26
Laem Chabang                               94                           0                  94              0.02
Los Angeles                               289                           0                 289              0.00
New Jersey                                343                         141                 484              0.00
Piraeus                                   192                           0                 192              0.00
Qingdao                                   301                          53                 354              0.01
Rotterdam                                 369                           0                 369              0.00
Shanghai                                  683                       1,232               1,916              0.00
Shenzhen                                  482                         177                 659              0.00
Singapore                               1,079                         923               2,002              0.00
Tanger Med                                192                          59                 251              0.00
Tianjin                                   221                           0                 221              0.01
Xiamen                                    374                           0                 374              0.02
---------------------------------------------------------------------------------------------------------------
TOTAL                                   7,410                       2,855              10,265              0.44



============================================================
Shipment Being Transported Statistics
============================================================

Average TEUs in Transition by Demand Matrix
------------------------------------------------------------
Origin Dest       Busan         Cartagena     Colombo       Hamburg       Ho Chi Minh CityJakarta       Jebel Ali     Kaohsiung     Laem Chabang  Los Angeles   New Jersey    Piraeus       Qingdao       Rotterdam     Shanghai      Shenzhen      Singapore     Tanger Med    Tianjin       Xiamen        
----------------------------------------------------------------------------------------------------------------------------------------------------------------------------------------------------------------------------------------------------------------------------------------------------------
Busan             -             37            54            153           9             14            125           119           10            436           221           110           7             205           29            49            57            87            6             36            
Cartagena         28            -             60            38            18            20            62            14            12            104           36            35            40            54            124           110           61            37            22            33            
Colombo           71            42            -             132           13            19            64            55            17            114           98            82            71            226           133           160           29            104           23            62            
Hamburg           102           37            185           -             21            29            261           79            23            113           64            29            85            8             272           289           119           22            42            98            
Ho Chi Minh City  25            16            25            37            -             8             60            20            2             108           37            25            24            64            94            93            16            31            21            21            
Jakarta           32            18            35            49            4             -             72            22            4             143           41            54            31            77            100           117           6             40            17            32            
Jebel Ali         87            35            62            131           18            21            -             74            23            167           90            78            64            183           115           131           49            138           21            68            
Kaohsiung         19            23            25            89            9             12            44            -             8             287           81            48            15            88            42            29            27            35            10            16            
Laem Chabang      28            17            25            40            4             7             47            17            -             112           32            36            21            61            94            93            10            24            19            19            
Los Angeles       308           144           100           114           39            44            179           156           33            -             488           98            245           185           458           307           114           68            102           156           
New Jersey        101           44            159           78            23            21            108           76            23            453           -             52            82            86            290           237           75            20            36            84            
Piraeus           77            36            139           16            18            25            180           52            19            106           64            -             72            41            207           195           76            19            31            71            
Qingdao           54            39            34            93            8             13            64            14            9             413           107           67            -             114           8             17            33            58            38            0             
Rotterdam         131           46            307           4             40            52            360           105           36            173           100           25            121           -             386           400           143           27            63            143           
Shanghai          20            76            60            276           18            32            121           18            22            484           294           204           26            303           -             14            54            129           67            4             
Shenzhen          56            64            56            273           17            28            156           11            19            223           315           203           21            407           56            -             40            131           13            11            
Singapore         61            55            30            135           4             9             100           55            8             394           105           89            61            210           118           135           -             90            27            66            
Tanger Med        74            28            152           12            29            33            198           51            26            86            18            12            62            15            203           169           104           -             30            49            
Tianjin           40            24            25            84            6             7             61            13            5             182           83            62            2             126           11            12            32            38            -             0             
Xiamen            31            29            44            133           8             11            82            11            9             134           148           86            15            168           31            14            40            54            1             -             

Completed TEUs by Demand Matrix
------------------------------------------------------------
Origin Dest       Busan         Cartagena     Colombo       Hamburg       Ho Chi Minh CityJakarta       Jebel Ali     Kaohsiung     Laem Chabang  Los Angeles   New Jersey    Piraeus       Qingdao       Rotterdam     Shanghai      Shenzhen      Singapore     Tanger Med    Tianjin       Xiamen        
----------------------------------------------------------------------------------------------------------------------------------------------------------------------------------------------------------------------------------------------------------------------------------------------------------
Busan             -             74            424           330           67            89            660           1805          58            1294          582           320           500           501           1235          694           507           228           331           374           
Cartagena         42            -             139           267           30            27            169           25            21            64            925           208           59            407           205           193           145           325           23            54            
Colombo           455           116           -             463           160           247           1510          288           183           215           433           432           428           831           1385          1377          873           455           106           368           
Hamburg           203           262           593           -             52            71            995           149           52            87            597           462           156           863           629           651           338           673           60            187           
Ho Chi Minh City  100           33            193           105           -             190           345           73            150           147           121           93            99            188           486           446           545           101           65            80            
Jakarta           124           38            314           121           129           -             460           80            99            212           115           183           118           202           572           585           421           120           55            126           
Jebel Ali         441           71            1473          553           146           181           -             313           172           271           298           484           297           781           825           819           671           698           79            316           
Kaohsiung         738           43            114           202           42            40            161           -             32            990           210           135           219           209           540           229           130           96            242           115           
Laem Chabang      108           37            193           113           73            204           284           61            -             160           92            144           80            185           494           448           515           77            62            72            
Los Angeles       818           124           196           123           77            84            329           382           60            -             508           105           601           174           1368          742           240           69            245           382           
New Jersey        181           1019          507           754           52            47            317           130           53            399           -             393           132           894           676           540           206           268           65            143           
Piraeus           167           198           548           239           52            71            865           110           49            106           371           -             156           671           544           503           251           567           58            145           
Qingdao           405           83            267           220           44            85            304           280           45            1320          293           210           -             275           635           262           312           170           172           14            
Rotterdam         258           340           1026          476           93            120           1390          199           84            154           986           439           235           -             932           890           413           1052          109           267           
Shanghai          1093          188           719           767           198           291           917           523           207           1625          976           724           860           787           -             637           934           404           687           291           
Shenzhen          862           165           838           794           211           313           1398          578           229           659           1073          778           201           1182          521           -             1086          446           173           55            
Singapore         526           136           839           412           241           604           1323          369           283           771           403           381           479           675           1966          1724          -             347           152           530           
Tanger Med        158           261           546           342           78            88            831           105           64            78            251           355           132           528           492           396           310           -             52            91            
Tianjin           287           54            199           202           32            40            280           135           31            492           229           195           226           308           585           172           289           116           -             15            
Xiamen            386           60            391           338           59            82            425           373           53            391           422           299           116           432           247           1287          479           161           13            -             


============================================================
Service Route Capacity and Utilization Statistics
============================================================
Route     Name                                Avg Capacity TEU     Avg Carried TEU    Utilization
-------------------------------------------------------------------------------------------------
S1        Asia-Europe-NorthEurope                      181,644              14,237          7.84%
S2        Intra-EastAsia                                11,613                 319          2.75%
S3        SEA-Feeder                                     6,999                 242          3.45%
S4        Transpacific-WestCoast                       122,548               5,841          4.77%
S5        Asia-US-East                                 113,238               3,840          3.39%
S6        Transatlantic-SouthConnector                  22,754                 859          3.78%
S7        IndianOcean-MiddleEast                         7,423                 453          6.10%
-------------------------------------------------------------------------------------------------
TOTAL                                                  466,219              25,791          5.53%


============================================================
Vessel Statistics
============================================================
Metric                                            Average Count
---------------------------------------------------------------
Average vessels sailing                                   35.95
Average vessels waiting for berth at port                  0.44
Average vessels being served at berth                      1.76
---------------------------------------------------------------
TOTAL average active/port vessels                         38.15


Period Result Output: Period 20 (Days 96-100)
Output Simulation Day: 100
Simulation Running Time: 00:22:28

Simulation completed.
CSV output written to: /Users/agustin/Documents/Clases-Universidad/Simulation_Challenge/SimulationChallenge2026_Py_Round0/Output

